,134Cs,137Cs,210Pb,22Na,40K,7Be,Date,Dust,Stacja
0,,,,,,,2010-01-04,,Stacja Hor
1,,,,,,,2010-01-11,,Stacja Hor
2,,,,,,,2010-01-18,,Stacja Hor
3,,,,,,,2010-01-25,,Stacja Hor
4,,,,,,,2010-02-01,,Stacja Hor
5,,,,,,,2010-02-08,,Stacja Hor
6,,,,,,,2010-02-15,,Stacja Hor
7,,,,,,,2010-02-22,,Stacja Hor
8,,,,,,,2010-03-01,,Stacja Hor
9,,,,,,,2010-03-08,,Stacja Hor
10,,,,,,,2010-03-15,,Stacja Hor
11,,,,,,,2010-03-22,,Stacja Hor
12,,,,,,,2010-03-29,,Stacja Hor
13,,,,,,,2010-04-05,,Stacja Hor
14,,,,,,,2010-04-12,,Stacja Hor
15,,,,,,,2010-04-19,,Stacja Hor
16,,,,,,,2010-04-26,,Stacja Hor
17,,,,,,,2010-05-03,,Stacja Hor
18,,,,,,,2010-05-10,,Stacja Hor
19,,,,,,,2010-05-17,,Stacja Hor
20,,,,,,,2010-05-24,,Stacja Hor
21,,,,,,,2010-05-31,,Stacja Hor
22,,,,,,,2010-06-07,,Stacja Hor
23,,,,,,,2010-06-14,,Stacja Hor
24,,,,,,,2010-06-21,,Stacja Hor
25,,,,,,,2010-06-28,,Stacja Hor
26,,,,,,,2010-07-05,,Stacja Hor
27,,,,,,,2010-07-12,,Stacja Hor
28,,,,,,,2010-07-19,,Stacja Hor
29,,,,,,,2010-07-26,,Stacja Hor
30,,,,,,,2010-08-02,,Stacja Hor
31,,,,,,,2010-08-09,,Stacja Hor
32,,0.574,70.0,8.52,4.73,1308.0,2010-08-16,5.0,Stacja Hor
33,,0.489,65.6,5.61,4.31,1232.0,2010-08-23,61.0,Stacja Hor
34,,0.507,48.1,2.6,5.1,336.0,2010-08-30,30.0,Stacja Hor
35,,0.233,78.3,3.74,2.94,1198.0,2010-09-06,43.0,Stacja Hor
36,,0.54,45.7,3.68,6.82,940.0,2010-09-13,13.0,Stacja Hor
37,,0.423,59.3,3.65,4.8,754.0,2010-09-20,58.0,Stacja Hor
38,,0.463,30.6,3.26,,688.0,2010-09-27,19.0,Stacja Hor
39,,0.535,53.5,6.24,4.41,736.0,2010-10-04,56.0,Stacja Hor
40,,0.219,37.7,6.87,2.03,618.0,2010-10-11,8.0,Stacja Hor
41,,0.38,54.1,1.68,2.97,944.0,2010-10-18,16.0,Stacja Hor
42,,0.593,33.1,5.12,3.83,704.0,2010-10-25,25.0,Stacja Hor
43,,0.184,31.0,3.38,2.35,742.0,2010-11-01,0.0,Stacja Hor
44,,0.318,35.0,5.11,1.87,468.0,2010-11-08,55.0,Stacja Hor
45,,0.264,44.4,2.93,4.58,626.0,2010-11-15,12.0,Stacja Hor
46,,0.22,37.7,3.42,3.5,466.0,2010-11-22,28.0,Stacja Hor
47,,0.366,23.3,4.24,2.97,550.0,2010-11-29,42.0,Stacja Hor
48,,0.111,40.2,1.65,4.68,,2010-12-06,53.0,Stacja Hor
49,,0.303,20.9,1.46,2.5,456.0,2010-12-13,50.0,Stacja Hor
50,,0.406,20.7,1.38,3.44,774.0,2010-12-20,58.0,Stacja Hor
51,,0.295,36.5,1.87,1.33,234.0,2010-12-27,62.0,Stacja Hor
52,,0.343,15.7,3.6,2.19,808.0,2011-01-03,32.0,Stacja Hor
53,,0.398,38.8,3.56,1.52,674.0,2011-01-10,43.0,Stacja Hor
54,,0.226,25.8,2.17,2.6,516.0,2011-01-17,35.0,Stacja Hor
55,,0.263,40.4,1.95,3.76,390.0,2011-01-24,28.0,Stacja Hor
56,,0.504,39.9,1.49,4.55,428.0,2011-01-31,6.0,Stacja Hor
57,,0.241,27.6,3.86,4.25,566.0,2011-02-07,0.0,Stacja Hor
58,,0.246,35.0,3.08,3.18,552.0,2011-02-14,21.0,Stacja Hor
59,,0.511,31.1,3.53,4.34,540.0,2011-02-21,3.0,Stacja Hor
60,,0.168,40.9,3.52,5.02,1058.0,2011-02-28,43.0,Stacja Hor
61,,0.407,45.5,3.94,1.23,512.0,2011-03-07,42.0,Stacja Hor
62,,0.344,35.8,5.69,6.67,1154.0,2011-03-14,30.0,Stacja Hor
63,,0.642,40.0,4.15,5.01,1326.0,2011-03-21,35.0,Stacja Hor
64,,0.312,44.0,5.45,6.54,834.0,2011-03-28,63.0,Stacja Hor
65,,0.554,39.8,2.93,2.67,1028.0,2011-04-04,47.0,Stacja Hor
66,,0.266,30.9,5.54,3.81,966.0,2011-04-11,53.0,Stacja Hor
67,,0.166,56.3,6.05,6.13,666.0,2011-04-18,47.0,Stacja Hor
68,,0.504,52.9,3.29,4.54,666.0,2011-04-25,63.0,Stacja Hor
69,,0.375,45.4,6.75,2.75,1066.0,2011-05-02,145.0,Stacja Hor
70,,0.451,81.6,4.6,4.41,1542.0,2011-05-09,18.0,Stacja Hor
71,,0.554,31.3,8.15,7.8,1256.0,2011-05-16,60.0,Stacja Hor
72,,0.707,73.6,4.13,6.58,430.0,2011-05-23,34.0,Stacja Hor
73,,0.269,62.2,9.24,5.39,1640.0,2011-05-30,21.0,Stacja Hor
74,,0.697,69.4,4.13,6.29,898.0,2011-06-06,8.0,Stacja Hor
75,,0.493,63.1,7.12,6.35,744.0,2011-06-13,49.0,Stacja Hor
76,,0.29,92.4,5.5,9.36,1840.0,2011-06-20,31.0,Stacja Hor
77,,0.382,56.1,7.37,6.25,1816.0,2011-06-27,6.0,Stacja Hor
78,,0.542,56.1,7.84,5.19,744.0,2011-07-04,49.0,Stacja Hor
79,,0.248,29.8,4.88,8.51,1312.0,2011-07-11,27.0,Stacja Hor
80,,0.745,50.3,4.39,5.23,912.0,2011-07-18,32.0,Stacja Hor
81,,0.596,37.2,6.71,5.26,1692.0,2011-07-25,24.0,Stacja Hor
82,,0.438,41.2,6.88,8.46,992.0,2011-08-01,13.0,Stacja Hor
83,,0.866,22.5,7.77,7.02,716.0,2011-08-08,28.0,Stacja Hor
84,,0.694,66.5,6.13,7.86,696.0,2011-08-15,15.0,Stacja Hor
85,,0.844,73.8,2.22,3.83,724.0,2011-08-22,24.0,Stacja Hor
86,,0.435,35.2,3.85,7.12,1228.0,2011-08-29,25.0,Stacja Hor
87,,0.306,58.7,6.8,6.63,808.0,2011-09-05,55.0,Stacja Hor
88,,0.342,63.7,4.3,4.66,1128.0,2011-09-12,5.0,Stacja Hor
89,,0.491,74.6,5.47,2.09,1430.0,2011-09-19,130.0,Stacja Hor
90,,0.646,38.7,4.93,2.5,1420.0,2011-09-26,37.0,Stacja Hor
91,,0.345,43.1,3.41,4.17,824.0,2011-10-03,4.0,Stacja Hor
92,,0.45,56.3,3.0,4.12,1322.0,2011-10-10,29.0,Stacja Hor
93,,0.35,49.9,4.32,1.5,898.0,2011-10-17,18.0,Stacja Hor
94,,0.416,15.3,5.26,1.65,694.0,2011-10-24,47.0,Stacja Hor
95,,0.23,28.6,4.23,4.56,1078.0,2011-10-31,8.0,Stacja Hor
96,,0.528,51.8,4.95,3.25,660.0,2011-11-07,7.0,Stacja Hor
97,,0.403,40.1,1.18,1.82,524.0,2011-11-14,46.0,Stacja Hor
98,,0.261,27.1,2.16,2.86,412.0,2011-11-21,0.0,Stacja Hor
99,,0.475,17.8,4.14,2.43,842.0,2011-11-28,13.0,Stacja Hor
100,,0.154,20.5,2.71,2.7,526.0,2011-12-05,40.0,Stacja Hor
101,,0.379,29.7,2.73,3.08,600.0,2011-12-12,47.0,Stacja Hor
102,,0.129,29.9,3.82,1.87,470.0,2011-12-19,53.0,Stacja Hor
103,,0.319,30.5,3.06,3.05,748.0,2011-12-26,32.0,Stacja Hor
104,,0.156,26.8,1.69,1.79,554.0,2012-01-02,33.0,Stacja Hor
105,,0.397,24.7,3.33,2.09,348.0,2012-01-09,116.0,Stacja Hor
106,,0.158,19.7,4.17,1.81,570.0,2012-01-16,25.0,Stacja Hor
107,,0.419,41.2,2.44,2.91,886.0,2012-01-23,26.0,Stacja Hor
108,,0.445,27.5,3.47,2.26,306.0,2012-01-30,35.0,Stacja Hor
109,,0.423,29.5,3.73,4.82,920.0,2012-02-06,17.0,Stacja Hor
110,,0.374,32.2,4.04,3.2,472.0,2012-02-13,4.0,Stacja Hor
111,,0.304,57.0,3.51,3.14,990.0,2012-02-20,36.0,Stacja Hor
112,,0.372,38.7,2.15,5.66,1046.0,2012-02-27,25.0,Stacja Hor
113,,0.568,68.2,3.2,4.39,1042.0,2012-03-05,59.0,Stacja Hor
114,,0.323,47.0,4.62,3.32,1204.0,2012-03-12,27.0,Stacja Hor
115,,0.424,52.7,6.33,5.86,896.0,2012-03-19,21.0,Stacja Hor
116,,0.249,44.6,5.7,5.98,1046.0,2012-03-26,5.0,Stacja Hor
117,,0.447,28.5,6.96,2.5,,2012-04-02,40.0,Stacja Hor
118,,0.691,50.9,6.68,4.54,1332.0,2012-04-09,36.0,Stacja Hor
119,,0.395,24.7,6.18,4.13,788.0,2012-04-16,16.0,Stacja Hor
120,,0.318,43.2,4.45,8.26,1388.0,2012-04-23,21.0,Stacja Hor
121,,0.52,75.4,5.38,4.99,550.0,2012-04-30,46.0,Stacja Hor
122,,0.917,43.5,6.91,7.64,612.0,2012-05-07,57.0,Stacja Hor
123,,0.814,50.0,3.0,1.74,1278.0,2012-05-14,28.0,Stacja Hor
124,,0.272,56.5,8.71,7.01,1564.0,2012-05-21,20.0,Stacja Hor
125,,0.126,81.9,2.65,5.33,1680.0,2012-05-28,54.0,Stacja Hor
126,,0.304,55.8,8.09,5.49,762.0,2012-06-04,0.0,Stacja Hor
127,,0.701,35.3,6.94,2.46,2046.0,2012-06-11,28.0,Stacja Hor
128,,1.001,98.3,9.91,7.32,1494.0,2012-06-18,164.0,Stacja Hor
129,,0.919,71.8,7.32,9.33,1852.0,2012-06-25,59.0,Stacja Hor
130,,1.037,97.6,5.16,4.08,1160.0,2012-07-02,42.0,Stacja Hor
131,,0.687,62.3,8.63,2.97,724.0,2012-07-09,13.0,Stacja Hor
132,,0.442,87.3,4.4,5.56,1758.0,2012-07-16,65.0,Stacja Hor
133,,0.362,68.9,8.34,4.24,648.0,2012-07-23,50.0,Stacja Hor
134,,0.618,87.5,7.8,6.27,856.0,2012-07-30,37.0,Stacja Hor
135,,0.893,46.4,5.11,8.13,320.0,2012-08-06,14.0,Stacja Hor
136,,0.336,60.8,7.87,5.4,1466.0,2012-08-13,13.0,Stacja Hor
137,,0.367,60.6,5.6,6.69,798.0,2012-08-20,54.0,Stacja Hor
138,,0.368,63.1,6.39,2.58,906.0,2012-08-27,65.0,Stacja Hor
139,,0.261,76.8,3.07,7.05,1084.0,2012-09-03,9.0,Stacja Hor
140,,0.622,45.0,5.28,7.26,496.0,2012-09-10,13.0,Stacja Hor
141,,0.626,72.2,4.33,5.0,,2012-09-17,1.0,Stacja Hor
142,,0.781,42.4,3.84,3.1,540.0,2012-09-24,8.0,Stacja Hor
143,,0.697,46.5,4.88,2.16,900.0,2012-10-01,21.0,Stacja Hor
144,,0.374,15.9,2.75,1.82,588.0,2012-10-08,54.0,Stacja Hor
145,,0.265,52.9,5.33,3.22,518.0,2012-10-15,29.0,Stacja Hor
146,,0.374,52.4,3.54,2.38,914.0,2012-10-22,12.0,Stacja Hor
147,,0.369,52.5,3.72,2.9,598.0,2012-10-29,41.0,Stacja Hor
148,,0.22,29.5,2.79,2.44,1012.0,2012-11-05,21.0,Stacja Hor
149,,0.156,26.3,2.49,4.28,628.0,2012-11-12,11.0,Stacja Hor
150,,0.24,33.6,3.5,3.84,634.0,2012-11-19,28.0,Stacja Hor
151,,0.324,30.3,2.33,4.08,880.0,2012-11-26,27.0,Stacja Hor
152,,0.416,25.3,1.58,3.34,512.0,2012-12-03,35.0,Stacja Hor
153,,0.372,30.4,3.11,1.67,486.0,2012-12-10,9.0,Stacja Hor
154,,0.197,34.9,1.91,2.35,322.0,2012-12-17,43.0,Stacja Hor
155,,0.183,16.4,2.53,3.25,240.0,2012-12-24,63.0,Stacja Hor
156,,0.181,36.0,3.82,2.06,418.0,2012-12-31,38.0,Stacja Hor
157,,0.333,44.5,3.52,1.83,390.0,2013-01-07,55.0,Stacja Hor
158,,0.256,29.6,3.15,4.47,408.0,2013-01-14,11.0,Stacja Hor
159,,0.155,13.3,4.03,1.57,914.0,2013-01-21,19.0,Stacja Hor
160,424.0,0.448,28.2,3.95,2.17,546.0,2013-01-28,0.0,Stacja Hor
161,463.0,0.454,41.0,5.38,5.44,596.0,2013-02-04,23.0,Stacja Hor
162,236.0,0.377,42.7,3.04,1.67,654.0,2013-02-11,46.0,Stacja Hor
163,580.0,0.479,14.6,2.12,4.24,804.0,2013-02-18,18.0,Stacja Hor
164,521.0,0.314,33.6,2.12,4.22,588.0,2013-02-25,4.0,Stacja Hor
165,,0.465,25.5,4.26,2.77,420.0,2013-03-04,65.0,Stacja Hor
166,,0.463,42.1,5.04,3.16,1156.0,2013-03-11,4.0,Stacja Hor
167,,0.446,32.9,2.27,4.33,878.0,2013-03-18,49.0,Stacja Hor
168,,,,,,,2013-03-25,,Stacja Hor
169,,,,,,,2013-04-01,,Stacja Hor
170,,,,,,,2013-04-08,,Stacja Hor
171,,,,,,,2013-04-15,,Stacja Hor
172,,,,,,,2013-04-22,,Stacja Hor
173,,,,,,,2013-04-29,,Stacja Hor
174,,,,,,,2013-05-06,,Stacja Hor
175,,,,,,,2013-05-13,,Stacja Hor
176,,,,,,,2013-05-20,,Stacja Hor
177,,,,,,,2013-05-27,,Stacja Hor
178,,,,,,,2013-06-03,,Stacja Hor
179,,,,,,,2013-06-10,,Stacja Hor
180,,,,,,,2013-06-17,,Stacja Hor
181,,0.2,91.7,5.88,4.71,1728.0,2013-06-24,62.0,Stacja Hor
182,,0.517,60.4,8.98,1.29,946.0,2013-07-01,40.0,Stacja Hor
183,,0.322,63.5,4.93,4.42,542.0,2013-07-08,33.0,Stacja Hor
184,,0.613,79.0,5.42,4.67,1162.0,2013-07-15,60.0,Stacja Hor
185,,0.808,95.0,4.58,6.06,1226.0,2013-07-22,57.0,Stacja Hor
186,,0.25,61.9,3.72,5.27,1292.0,2013-07-29,56.0,Stacja Hor
187,,0.628,58.5,7.57,4.58,1090.0,2013-08-05,57.0,Stacja Hor
188,405.0,,57.5,2.11,3.48,1014.0,2013-08-12,59.0,Stacja Hor
189,507.0,0.653,43.7,5.22,4.78,720.0,2013-08-19,51.0,Stacja Hor
190,644.0,0.7,88.3,4.6,8.6,370.0,2013-08-26,7.0,Stacja Hor
191,466.0,0.2,57.9,1.89,6.11,854.0,2013-09-02,33.0,Stacja Hor
192,275.0,0.45,33.9,5.72,5.11,784.0,2013-09-09,63.0,Stacja Hor
193,567.0,0.614,42.8,5.18,6.9,1322.0,2013-09-16,29.0,Stacja Hor
194,,0.639,64.5,3.51,6.4,608.0,2013-09-23,9.0,Stacja Hor
195,,0.212,34.0,5.05,2.87,714.0,2013-09-30,18.0,Stacja Hor
196,,0.47,22.8,4.58,4.05,588.0,2013-10-07,55.0,Stacja Hor
197,,0.362,22.7,,1.95,638.0,2013-10-14,57.0,Stacja Hor
198,,0.386,14.4,4.76,2.13,922.0,2013-10-21,43.0,Stacja Hor
199,,0.509,31.1,2.88,2.12,466.0,2013-10-28,,Stacja Hor
200,,0.482,31.1,2.47,3.49,1006.0,2013-11-04,31.0,Stacja Hor
201,,0.271,,,,450.0,2013-11-11,15.0,Stacja Hor
202,,0.159,36.6,3.19,3.12,468.0,2013-11-18,31.0,Stacja Hor
203,,0.291,26.0,3.27,3.33,388.0,2013-11-25,30.0,Stacja Hor
204,,0.351,34.3,3.84,3.97,680.0,2013-12-02,40.0,Stacja Hor
205,,0.43,37.6,4.03,3.16,640.0,2013-12-09,8.0,Stacja Hor
206,,0.257,28.4,2.94,4.05,522.0,2013-12-16,65.0,Stacja Hor
207,,0.275,36.6,1.86,1.33,376.0,2013-12-23,54.0,Stacja Hor
208,,0.14,14.7,1.36,2.64,366.0,2013-12-30,15.0,Stacja Hor
209,,0.258,28.8,3.3,1.2,556.0,2014-01-06,60.0,Stacja Hor
210,,0.158,45.8,2.34,3.79,514.0,2014-01-13,11.0,Stacja Hor
211,,0.272,45.1,3.08,2.98,474.0,2014-01-20,20.0,Stacja Hor
212,,0.443,33.2,2.25,3.14,766.0,2014-01-27,23.0,Stacja Hor
213,,0.227,35.9,2.98,3.11,324.0,2014-02-03,30.0,Stacja Hor
214,,0.247,15.8,3.52,4.83,1024.0,2014-02-10,20.0,Stacja Hor
215,,0.298,29.4,3.91,2.38,456.0,2014-02-17,10.0,Stacja Hor
216,,,57.6,2.29,2.95,1078.0,2014-02-24,19.0,Stacja Hor
217,,0.332,45.4,2.96,3.5,822.0,2014-03-03,1.0,Stacja Hor
218,,0.454,27.9,4.71,3.76,1060.0,2014-03-10,52.0,Stacja Hor
219,,0.643,36.8,3.23,1.48,1076.0,2014-03-17,0.0,Stacja Hor
220,,0.408,40.3,5.48,5.56,486.0,2014-03-24,41.0,Stacja Hor
221,,0.339,20.3,5.12,5.85,1162.0,2014-03-31,42.0,Stacja Hor
222,193.0,0.779,71.5,3.53,2.68,1414.0,2014-04-07,61.0,Stacja Hor
223,450.0,0.748,75.4,5.29,7.29,768.0,2014-04-14,37.0,Stacja Hor
224,444.0,0.461,29.7,6.52,4.71,982.0,2014-04-21,28.0,Stacja Hor
225,312.0,0.697,38.6,5.32,5.63,1190.0,2014-04-28,7.0,Stacja Hor
226,,0.766,49.9,3.7,5.27,776.0,2014-05-05,14.0,Stacja Hor
227,,0.775,34.3,4.82,8.23,1560.0,2014-05-12,18.0,Stacja Hor
228,,0.659,60.3,10.1,5.01,434.0,2014-05-19,122.0,Stacja Hor
229,,,59.7,4.87,4.86,1606.0,2014-05-26,41.0,Stacja Hor
230,,0.713,52.5,4.84,2.34,488.0,2014-06-02,6.0,Stacja Hor
231,,0.429,106.5,3.73,8.52,1584.0,2014-06-09,16.0,Stacja Hor
232,,0.729,76.7,9.24,6.73,1430.0,2014-06-16,39.0,Stacja Hor
233,,0.685,67.3,9.82,7.71,1082.0,2014-06-23,43.0,Stacja Hor
234,,0.348,49.4,4.12,6.77,486.0,2014-06-30,32.0,Stacja Hor
235,,0.401,52.1,6.0,6.4,1444.0,2014-07-07,11.0,Stacja Hor
236,,,,,,,2014-07-14,,Stacja Hor
237,,,,,,,2014-07-21,,Stacja Hor
238,,,,,,,2014-07-28,,Stacja Hor
239,,,,,,,2014-08-04,,Stacja Hor
240,,,,,,,2014-08-11,,Stacja Hor
241,,,,,,,2014-08-18,,Stacja Hor
242,,,,,,,2014-08-25,,Stacja Hor
243,,,,,,,2014-09-01,,Stacja Hor
244,,,,,,,2014-09-08,,Stacja Hor
245,,,,,,,2014-09-15,,Stacja Hor
246,,,,,,,2014-09-22,,Stacja Hor
247,,,,,,,2014-09-29,,Stacja Hor
248,,,,,,,2014-10-06,,Stacja Hor
249,,,,,,,2014-10-13,,Stacja Hor
250,,,,,,,2014-10-20,,Stacja Hor
251,,,,,,,2014-10-27,,Stacja Hor
252,,,,,,,2014-11-03,,Stacja Hor
253,,,,,,,2014-11-10,,Stacja Hor
254,,,,,,,2014-11-17,,Stacja Hor
255,,,,,,,2014-11-24,,Stacja Hor
256,,,,,,,2014-12-01,,Stacja Hor
257,,,,,,,2014-12-08,,Stacja Hor
258,,,,,,,2014-12-15,,Stacja Hor
259,,,,,,,2014-12-22,,Stacja Hor
0,,,,,,,2007-12-31,,Stacja A
1,,,,,,,2007-12-31,,Stacja B
2,,,,,,,2007-12-31,,Stacja C
3,,,,,,,2008-12-29,,Stacja A
4,,,,,,,2008-12-29,,Stacja B
5,,,,,,,2008-12-29,,Stacja C
6,,,,,,,2008-12-29,,Stacja D
7,,,,,,358.0,2010-01-04,,Stacja A
8,,,,,,239.0,2010-01-04,,Stacja B
9,,,,,,231.0,2010-01-04,,Stacja C
10,,,,,,205.0,2010-01-04,,Stacja D
11,,,,,,,2010-01-04,,Stacja E
12,,,,,,148.0,2011-01-03,,Stacja A
13,,,,,,177.0,2011-01-03,,Stacja B
14,,,,,,399.0,2011-01-03,,Stacja C
15,,,,,,297.0,2011-01-03,,Stacja D
16,,,,,,165.0,2011-01-03,,Stacja E
17,,,,,,,2008-01-07,,Stacja A
18,,,,,,,2008-01-07,,Stacja B
19,,,,,,,2008-01-07,,Stacja C
20,,,,,,,2009-01-05,,Stacja A
21,,,,,,,2009-01-05,,Stacja B
22,,,,,,,2009-01-05,,Stacja C
23,,,,,,,2009-01-05,,Stacja D
24,,,,,,286.0,2010-01-11,,Stacja A
25,,,,,,157.0,2010-01-11,,Stacja B
26,,,,,,347.0,2010-01-11,,Stacja C
27,,,,,,162.0,2010-01-11,,Stacja D
28,,,,,,,2010-01-11,,Stacja E
29,,,,,,429.0,2011-01-10,,Stacja A
30,,,,,,,2011-01-10,,Stacja B
31,,,,,,,2011-01-10,,Stacja C
32,,,,,,,2011-01-10,,Stacja D
33,,,,,,,2011-01-10,,Stacja E
34,,,,,,,2008-01-14,,Stacja A
35,,,,,,,2008-01-14,,Stacja B
36,,,,,,,2008-01-14,,Stacja C
37,,,,,,,2009-01-12,,Stacja A
38,,,,,,,2009-01-12,,Stacja B
39,,,,,,,2009-01-12,,Stacja C
40,,,,,,,2009-01-12,,Stacja D
41,,,,,,182.0,2010-01-18,,Stacja A
42,,,,,,334.0,2010-01-18,,Stacja B
43,,,,,,197.0,2010-01-18,,Stacja C
44,,,,,,354.0,2010-01-18,,Stacja D
45,,,,,,,2010-01-18,,Stacja E
46,,,,,,215.0,2011-01-17,,Stacja A
47,,,,,,419.0,2011-01-17,,Stacja B
48,,,,,,116.0,2011-01-17,,Stacja C
49,,,,,,384.0,2011-01-17,,Stacja D
50,,,,,,207.0,2011-01-17,,Stacja E
51,,,,,,,2008-01-21,,Stacja A
52,,,,,,,2008-01-21,,Stacja B
53,,,,,,,2008-01-21,,Stacja C
54,,,,,,,2009-01-19,,Stacja A
55,,,,,,,2009-01-19,,Stacja B
56,,,,,,,2009-01-19,,Stacja C
57,,,,,,,2009-01-19,,Stacja D
58,,,,,,347.0,2010-01-25,,Stacja A
59,,,,,,391.0,2010-01-25,,Stacja B
60,,,,,,360.0,2010-01-25,,Stacja C
61,,,,,,329.0,2010-01-25,,Stacja D
62,,,,,,,2010-01-25,,Stacja E
63,,,,,,354.0,2011-01-24,,Stacja A
64,,,,,,290.0,2011-01-24,,Stacja B
65,,,,,,198.0,2011-01-24,,Stacja C
66,,,,,,445.0,2011-01-24,,Stacja D
67,,,,,,377.0,2011-01-24,,Stacja E
68,,,,,,,2008-01-28,,Stacja A
69,,,,,,,2008-01-28,,Stacja B
70,,,,,,,2008-01-28,,Stacja C
71,,,,,,,2009-01-26,,Stacja A
72,,,,,,,2009-01-26,,Stacja B
73,,,,,,,2009-01-26,,Stacja C
74,,,,,,,2009-01-26,,Stacja D
75,,,,,,278.0,2010-02-01,,Stacja A
76,,,,,,355.0,2010-02-01,,Stacja B
77,,,,,,228.0,2010-02-01,,Stacja C
78,,,,,,261.0,2010-02-01,,Stacja D
79,,,,,,,2010-02-01,,Stacja E
80,,,,,,282.0,2011-01-31,,Stacja A
81,,,,,,283.0,2011-01-31,,Stacja B
82,,,,,,508.0,2011-01-31,,Stacja C
83,,,,,,220.0,2011-01-31,,Stacja D
84,,,,,,278.0,2011-01-31,,Stacja E
85,,,,,,,2008-02-04,,Stacja A
86,,,,,,,2008-02-04,,Stacja B
87,,,,,,,2008-02-04,,Stacja C
88,,,,,,,2009-02-02,,Stacja A
89,,,,,,,2009-02-02,,Stacja B
90,,,,,,,2009-02-02,,Stacja C
91,,,,,,,2009-02-02,,Stacja D
92,,,,,,461.0,2010-02-08,,Stacja A
93,,,,,,303.0,2010-02-08,,Stacja B
94,,,,,,331.0,2010-02-08,,Stacja C
95,,,,,,168.0,2010-02-08,,Stacja D
96,,,,,,,2010-02-08,,Stacja E
97,,,,,,385.0,2011-02-07,,Stacja A
98,,,,,,558.0,2011-02-07,,Stacja B
99,,,,,,447.0,2011-02-07,,Stacja C
100,,,,,,210.0,2011-02-07,,Stacja D
101,,,,,,265.0,2011-02-07,,Stacja E
102,,,,,,,2008-02-11,,Stacja A
103,,,,,,,2008-02-11,,Stacja B
104,,,,,,,2008-02-11,,Stacja C
105,,,,,,,2009-02-09,,Stacja A
106,,,,,,,2009-02-09,,Stacja B
107,,,,,,,2009-02-09,,Stacja C
108,,,,,,,2009-02-09,,Stacja D
109,,,,,,434.0,2010-02-15,,Stacja A
110,,,,,,334.0,2010-02-15,,Stacja B
111,,,,,,111.0,2010-02-15,,Stacja C
112,,,,,,502.0,2010-02-15,,Stacja D
113,,,,,,,2010-02-15,,Stacja E
114,,,,,,550.0,2011-02-14,,Stacja A
115,,,,,,331.0,2011-02-14,,Stacja B
116,,,,,,374.0,2011-02-14,,Stacja C
117,,,,,,360.0,2011-02-14,,Stacja D
118,,,,,,381.0,2011-02-14,,Stacja E
119,,,,,,,2008-02-18,,Stacja A
120,,,,,,,2008-02-18,,Stacja B
121,,,,,,,2008-02-18,,Stacja C
122,,,,,,,2009-02-16,,Stacja A
123,,,,,,,2009-02-16,,Stacja B
124,,,,,,,2009-02-16,,Stacja C
125,,,,,,,2009-02-16,,Stacja D
126,,,,,,566.0,2010-02-22,,Stacja A
127,,,,,,310.0,2010-02-22,,Stacja B
128,,,,,,444.0,2010-02-22,,Stacja C
129,,,,,,319.0,2010-02-22,,Stacja D
130,,,,,,,2010-02-22,,Stacja E
131,,,,,,457.0,2011-02-21,,Stacja A
132,,,,,,440.0,2011-02-21,,Stacja B
133,,,,,,495.0,2011-02-21,,Stacja C
134,,,,,,488.0,2011-02-21,,Stacja D
135,,,,,,522.0,2011-02-21,,Stacja E
136,,,,,,,2008-02-25,,Stacja A
137,,,,,,,2008-02-25,,Stacja B
138,,,,,,,2008-02-25,,Stacja C
139,,,,,,,2009-02-23,,Stacja A
140,,,,,,,2009-02-23,,Stacja B
141,,,,,,,2009-02-23,,Stacja C
142,,,,,,,2009-02-23,,Stacja D
143,,,,,,382.0,2010-03-01,,Stacja A
144,,,,,,483.0,2010-03-01,,Stacja B
145,,,,,,259.0,2010-03-01,,Stacja C
146,,,,,,510.0,2010-03-01,,Stacja D
147,,,,,,,2010-03-01,,Stacja E
148,,,,,,517.0,2011-02-28,,Stacja A
149,,,,,,532.0,2011-02-28,,Stacja B
150,,,,,,471.0,2011-02-28,,Stacja C
151,,,,,,325.0,2011-02-28,,Stacja D
152,,,,,,472.0,2011-02-28,,Stacja E
153,,,,,,,2008-03-03,,Stacja A
154,,,,,,,2008-03-03,,Stacja B
155,,,,,,,2008-03-03,,Stacja C
156,,,,,,,2009-03-02,,Stacja A
157,,,,,,,2009-03-02,,Stacja B
158,,,,,,,2009-03-02,,Stacja C
159,,,,,,,2009-03-02,,Stacja D
160,,,,,,309.0,2010-03-08,,Stacja A
161,,,,,,271.0,2010-03-08,,Stacja B
162,,,,,,249.0,2010-03-08,,Stacja C
163,,,,,,385.0,2010-03-08,,Stacja D
164,,,,,,,2010-03-08,,Stacja E
165,,,,,,468.0,2011-03-07,,Stacja A
166,,,,,,456.0,2011-03-07,,Stacja B
167,,,,,,339.0,2011-03-07,,Stacja C
168,,,,,,396.0,2011-03-07,,Stacja D
169,,,,,,659.0,2011-03-07,,Stacja E
170,,,,,,,2008-03-10,,Stacja A
171,,,,,,,2008-03-10,,Stacja B
172,,,,,,,2008-03-10,,Stacja C
173,,,,,,,2009-03-09,,Stacja A
174,,,,,,,2009-03-09,,Stacja B
175,,,,,,,2009-03-09,,Stacja C
176,,,,,,,2009-03-09,,Stacja D
177,,,,,,502.0,2010-03-15,,Stacja A
178,,,,,,473.0,2010-03-15,,Stacja B
179,,,,,,299.0,2010-03-15,,Stacja C
180,,,,,,466.0,2010-03-15,,Stacja D
181,,,,,,,2010-03-15,,Stacja E
182,,,,,,408.0,2011-03-14,,Stacja A
183,,,,,,419.0,2011-03-14,,Stacja B
184,,,,,,393.0,2011-03-14,,Stacja C
185,,,,,,216.0,2011-03-14,,Stacja D
186,,,,,,301.0,2011-03-14,,Stacja E
187,,,,,,,2008-03-17,,Stacja A
188,,,,,,,2008-03-17,,Stacja B
189,,,,,,,2008-03-17,,Stacja C
190,,,,,,,2009-03-16,,Stacja A
191,,,,,,,2009-03-16,,Stacja B
192,,,,,,,2009-03-16,,Stacja C
193,,,,,,,2009-03-16,,Stacja D
194,,,,,,518.0,2010-03-22,,Stacja A
195,,,,,,343.0,2010-03-22,,Stacja B
196,,,,,,410.0,2010-03-22,,Stacja C
197,,,,,,524.0,2010-03-22,,Stacja D
198,,,,,,,2010-03-22,,Stacja E
199,,,,,,460.0,2011-03-21,,Stacja A
200,,,,,,407.0,2011-03-21,,Stacja B
201,,,,,,380.0,2011-03-21,,Stacja C
202,,,,,,546.0,2011-03-21,,Stacja D
203,,,,,,395.0,2011-03-21,,Stacja E
204,,,,,,349.0,2008-03-24,,Stacja A
205,,,,,,387.0,2008-03-24,,Stacja B
206,,,,,,417.0,2008-03-24,,Stacja C
207,,,,,,410.0,2009-03-23,,Stacja A
208,,,,,,274.0,2009-03-23,,Stacja B
209,,,,,,516.0,2009-03-23,,Stacja C
210,,,,,,,2009-03-23,,Stacja D
211,,,,,,448.0,2010-03-29,,Stacja A
212,,,,,,354.0,2010-03-29,,Stacja B
213,,,,,,437.0,2010-03-29,,Stacja C
214,,,,,,429.0,2010-03-29,,Stacja D
215,,,,,,,2010-03-29,,Stacja E
216,,,,,,591.0,2011-03-28,,Stacja A
217,,,,,,267.0,2011-03-28,,Stacja B
218,,,,,,426.0,2011-03-28,,Stacja C
219,,,,,,224.0,2011-03-28,,Stacja D
220,,,,,,190.0,2011-03-28,,Stacja E
221,,,,,,522.0,2008-03-31,,Stacja A
222,,,,,,510.0,2008-03-31,,Stacja B
223,,,,,,692.0,2008-03-31,,Stacja C
224,,,,,,497.0,2009-03-30,,Stacja A
225,,,,,,388.0,2009-03-30,,Stacja B
226,,,,,,354.0,2009-03-30,,Stacja C
227,,,,,,,2009-03-30,,Stacja D
228,,,,,,689.0,2010-04-05,,Stacja A
229,,,,,,690.0,2010-04-05,,Stacja B
230,,,,,,296.0,2010-04-05,,Stacja C
231,,,,,,429.0,2010-04-05,,Stacja D
232,,,,,,,2010-04-05,,Stacja E
233,,,,,,732.0,2011-04-04,,Stacja A
234,,,,,,238.0,2011-04-04,,Stacja B
235,,,,,,265.0,2011-04-04,,Stacja C
236,,,,,,270.0,2011-04-04,,Stacja D
237,,,,,,380.0,2011-04-04,,Stacja E
238,,,,,,466.0,2008-04-07,,Stacja A
239,,,,,,310.0,2008-04-07,,Stacja B
240,,,,,,203.0,2008-04-07,,Stacja C
241,,,,,,166.0,2009-04-06,,Stacja A
242,,,,,,396.0,2009-04-06,,Stacja B
243,,,,,,344.0,2009-04-06,,Stacja C
244,,,,,,,2009-04-06,,Stacja D
245,,,,,,147.0,2010-04-12,,Stacja A
246,,,,,,551.0,2010-04-12,,Stacja B
247,,,,,,661.0,2010-04-12,,Stacja C
248,,,,,,249.0,2010-04-12,,Stacja D
249,,,,,,,2010-04-12,,Stacja E
250,,,,,,581.0,2011-04-11,,Stacja A
251,,,,,,397.0,2011-04-11,,Stacja B
252,,,,,,553.0,2011-04-11,,Stacja C
253,,,,,,448.0,2011-04-11,,Stacja D
254,,,,,,436.0,2011-04-11,,Stacja E
255,,,,,,262.0,2008-04-14,,Stacja A
256,,,,,,407.0,2008-04-14,,Stacja B
257,,,,,,570.0,2008-04-14,,Stacja C
258,,,,,,257.0,2009-04-13,,Stacja A
259,,,,,,297.0,2009-04-13,,Stacja B
260,,,,,,537.0,2009-04-13,,Stacja C
261,,,,,,,2009-04-13,,Stacja D
262,,,,,,692.0,2010-04-19,,Stacja A
263,,,,,,667.0,2010-04-19,,Stacja B
264,,,,,,495.0,2010-04-19,,Stacja C
265,,,,,,591.0,2010-04-19,,Stacja D
266,,,,,,,2010-04-19,,Stacja E
267,,,,,,626.0,2011-04-18,,Stacja A
268,,,,,,,2011-04-18,,Stacja B
269,,,,,,,2011-04-18,,Stacja C
270,,,,,,713.0,2011-04-18,,Stacja D
271,,,,,,491.0,2011-04-18,,Stacja E
272,,,,,,174.0,2008-04-21,,Stacja A
273,,,,,,767.0,2008-04-21,,Stacja B
274,,,,,,429.0,2008-04-21,,Stacja C
275,,,,,,476.0,2009-04-20,,Stacja A
276,,,,,,708.0,2009-04-20,,Stacja B
277,,,,,,566.0,2009-04-20,,Stacja C
278,,,,,,,2009-04-20,,Stacja D
279,,,,,,223.0,2010-04-26,,Stacja A
280,,,,,,554.0,2010-04-26,,Stacja B
281,,,,,,736.0,2010-04-26,,Stacja C
282,,,,,,364.0,2010-04-26,,Stacja D
283,,,,,,,2010-04-26,,Stacja E
284,,,,,,458.0,2011-04-25,,Stacja A
285,,,,,,,2011-04-25,,Stacja B
286,,,,,,,2011-04-25,,Stacja C
287,,,,,,389.0,2011-04-25,,Stacja D
288,,,,,,536.0,2011-04-25,,Stacja E
289,,,,,,722.0,2008-04-28,,Stacja A
290,,,,,,194.0,2008-04-28,,Stacja B
291,,,,,,372.0,2008-04-28,,Stacja C
292,,,,,,273.0,2009-04-27,,Stacja A
293,,,,,,413.0,2009-04-27,,Stacja B
294,,,,,,774.0,2009-04-27,,Stacja C
295,,,,,,,2009-04-27,,Stacja D
296,,,,,,430.0,2010-05-03,,Stacja A
297,,,,,,867.0,2010-05-03,,Stacja B
298,,,,,,828.0,2010-05-03,,Stacja C
299,,,,,,249.0,2010-05-03,,Stacja D
300,,,,,,,2010-05-03,,Stacja E
301,,,,,,752.0,2011-05-02,,Stacja A
302,,,,,,,2011-05-02,,Stacja B
303,,,,,,,2011-05-02,,Stacja C
304,,,,,,201.0,2011-05-02,,Stacja D
305,,,,,,509.0,2011-05-02,,Stacja E
306,,,,,,587.0,2008-05-05,,Stacja A
307,,,,,,640.0,2008-05-05,,Stacja B
308,,,,,,854.0,2008-05-05,,Stacja C
309,,,,,,138.0,2009-05-04,,Stacja A
310,,,,,,634.0,2009-05-04,,Stacja B
311,,,,,,254.0,2009-05-04,,Stacja C
312,,,,,,,2009-05-04,,Stacja D
313,,,,,,544.0,2010-05-10,,Stacja A
314,,,,,,480.0,2010-05-10,,Stacja B
315,,,,,,436.0,2010-05-10,,Stacja C
316,,,,,,293.0,2010-05-10,,Stacja D
317,,,,,,,2010-05-10,,Stacja E
318,,,,,,493.0,2011-05-09,,Stacja A
319,,,,,,727.0,2011-05-09,,Stacja B
320,,,,,,557.0,2011-05-09,,Stacja C
321,,,,,,619.0,2011-05-09,,Stacja D
322,,,,,,617.0,2011-05-09,,Stacja E
323,,,,,,277.0,2008-05-12,,Stacja A
324,,,,,,356.0,2008-05-12,,Stacja B
325,,,,,,304.0,2008-05-12,,Stacja C
326,,,,,,545.0,2009-05-11,,Stacja A
327,,,,,,214.0,2009-05-11,,Stacja B
328,,,,,,373.0,2009-05-11,,Stacja C
329,,,,,,,2009-05-11,,Stacja D
330,,,,,,627.0,2010-05-17,,Stacja A
331,,,,,,876.0,2010-05-17,,Stacja B
332,,,,,,212.0,2010-05-17,,Stacja C
333,,,,,,547.0,2010-05-17,,Stacja D
334,,,,,,,2010-05-17,,Stacja E
335,,,,,,599.0,2011-05-16,,Stacja A
336,,,,,,178.0,2011-05-16,,Stacja B
337,,,,,,622.0,2011-05-16,,Stacja C
338,,,,,,794.0,2011-05-16,,Stacja D
339,,,,,,333.0,2011-05-16,,Stacja E
340,,,,,,674.0,2008-05-19,,Stacja A
341,,,,,,584.0,2008-05-19,,Stacja B
342,,,,,,669.0,2008-05-19,,Stacja C
343,,,,,,451.0,2009-05-18,,Stacja A
344,,,,,,736.0,2009-05-18,,Stacja B
345,,,,,,598.0,2009-05-18,,Stacja C
346,,,,,,,2009-05-18,,Stacja D
347,,,,,,549.0,2010-05-24,,Stacja A
348,,,,,,217.0,2010-05-24,,Stacja B
349,,,,,,538.0,2010-05-24,,Stacja C
350,,,,,,654.0,2010-05-24,,Stacja D
351,,,,,,,2010-05-24,,Stacja E
352,,,,,,349.0,2011-05-23,,Stacja A
353,,,,,,329.0,2011-05-23,,Stacja B
354,,,,,,800.0,2011-05-23,,Stacja C
355,,,,,,368.0,2011-05-23,,Stacja D
356,,,,,,413.0,2011-05-23,,Stacja E
357,,,,,,303.0,2008-05-26,,Stacja A
358,,,,,,748.0,2008-05-26,,Stacja B
359,,,,,,924.0,2008-05-26,,Stacja C
360,,,,,,555.0,2009-05-25,,Stacja A
361,,,,,,141.0,2009-05-25,,Stacja B
362,,,,,,504.0,2009-05-25,,Stacja C
363,,,,,,,2009-05-25,,Stacja D
364,,,,,,551.0,2010-05-31,,Stacja A
365,,,,,,787.0,2010-05-31,,Stacja B
366,,,,,,648.0,2010-05-31,,Stacja C
367,,,,,,609.0,2010-05-31,,Stacja D
368,,,,,,,2010-05-31,,Stacja E
369,,,,,,552.0,2011-05-30,,Stacja A
370,,,,,,1028.0,2011-05-30,,Stacja B
371,,,,,,555.0,2011-05-30,,Stacja C
372,,,,,,621.0,2011-05-30,,Stacja D
373,,,,,,645.0,2011-05-30,,Stacja E
374,,,,,,763.0,2008-06-02,,Stacja A
375,,,,,,600.0,2008-06-02,,Stacja B
376,,,,,,613.0,2008-06-02,,Stacja C
377,,,,,,736.0,2009-06-01,,Stacja A
378,,,,,,385.0,2009-06-01,,Stacja B
379,,,,,,553.0,2009-06-01,,Stacja C
380,,,,,,,2009-06-01,,Stacja D
381,,,,,,665.0,2010-06-07,,Stacja A
382,,,,,,332.0,2010-06-07,,Stacja B
383,,,,,,307.0,2010-06-07,,Stacja C
384,,,,,,883.0,2010-06-07,,Stacja D
385,,,,,,,2010-06-07,,Stacja E
386,,,,,,390.0,2011-06-06,,Stacja A
387,,,,,,641.0,2011-06-06,,Stacja B
388,,,,,,762.0,2011-06-06,,Stacja C
389,,,,,,776.0,2011-06-06,,Stacja D
390,,,,,,558.0,2011-06-06,,Stacja E
391,,,,,,884.0,2008-06-09,,Stacja A
392,,,,,,444.0,2008-06-09,,Stacja B
393,,,,,,588.0,2008-06-09,,Stacja C
394,,,,,,742.0,2009-06-08,,Stacja A
395,,,,,,249.0,2009-06-08,,Stacja B
396,,,,,,510.0,2009-06-08,,Stacja C
397,,,,,,,2009-06-08,,Stacja D
398,,,,,,752.0,2010-06-14,,Stacja A
399,,,,,,328.0,2010-06-14,,Stacja B
400,,,,,,370.0,2010-06-14,,Stacja C
401,,,,,,485.0,2010-06-14,,Stacja D
402,,,,,,995.0,2010-06-14,,Stacja E
403,,,,,,427.0,2011-06-13,,Stacja A
404,,,,,,739.0,2011-06-13,,Stacja B
405,,,,,,555.0,2011-06-13,,Stacja C
406,,,,,,610.0,2011-06-13,,Stacja D
407,,,,,,271.0,2011-06-13,,Stacja E
408,,,,,,459.0,2008-06-16,,Stacja A
409,,,,,,664.0,2008-06-16,,Stacja B
410,,,,,,787.0,2008-06-16,,Stacja C
411,,,,,,353.0,2009-06-15,,Stacja A
412,,,,,,936.0,2009-06-15,,Stacja B
413,,,,,,960.0,2009-06-15,,Stacja C
414,,,,,,,2009-06-15,,Stacja D
415,,,,,,427.0,2010-06-21,,Stacja A
416,,,,,,719.0,2010-06-21,,Stacja B
417,,,,,,284.0,2010-06-21,,Stacja C
418,,,,,,454.0,2010-06-21,,Stacja D
419,,,,,,463.0,2010-06-21,,Stacja E
420,,,,,,606.0,2011-06-20,,Stacja A
421,,,,,,487.0,2011-06-20,,Stacja B
422,,,,,,716.0,2011-06-20,,Stacja C
423,,,,,,541.0,2011-06-20,,Stacja D
424,,,,,,543.0,2011-06-20,,Stacja E
425,,,,,,692.0,2008-06-23,,Stacja A
426,,,,,,731.0,2008-06-23,,Stacja B
427,,,,,,698.0,2008-06-23,,Stacja C
428,,,,,,871.0,2009-06-22,,Stacja A
429,,,,,,600.0,2009-06-22,,Stacja B
430,,,,,,480.0,2009-06-22,,Stacja C
431,,,,,,719.0,2009-06-22,,Stacja D
432,,,,,,938.0,2010-06-28,,Stacja A
433,,,,,,777.0,2010-06-28,,Stacja B
434,,,,,,966.0,2010-06-28,,Stacja C
435,,,,,,310.0,2010-06-28,,Stacja D
436,,,,,,352.0,2010-06-28,,Stacja E
437,,,,,,638.0,2011-06-27,,Stacja A
438,,,,,,869.0,2011-06-27,,Stacja B
439,,,,,,1034.0,2011-06-27,,Stacja C
440,,,,,,522.0,2011-06-27,,Stacja D
441,,,,,,666.0,2011-06-27,,Stacja E
442,,,,,,744.0,2008-06-30,,Stacja A
443,,,,,,648.0,2008-06-30,,Stacja B
444,,,,,,838.0,2008-06-30,,Stacja C
445,,,,,,705.0,2009-06-29,,Stacja A
446,,,,,,602.0,2009-06-29,,Stacja B
447,,,,,,852.0,2009-06-29,,Stacja C
448,,,,,,294.0,2009-06-29,,Stacja D
449,,,,,,483.0,2010-07-05,,Stacja A
450,,,,,,733.0,2010-07-05,,Stacja B
451,,,,,,383.0,2010-07-05,,Stacja C
452,,,,,,526.0,2010-07-05,,Stacja D
453,,,,,,791.0,2010-07-05,,Stacja E
454,,,,,,524.0,2011-07-04,,Stacja A
455,,,,,,821.0,2011-07-04,,Stacja B
456,,,,,,327.0,2011-07-04,,Stacja C
457,,,,,,318.0,2011-07-04,,Stacja D
458,,,,,,696.0,2011-07-04,,Stacja E
459,,,,,,991.0,2008-07-07,,Stacja A
460,,,,,,830.0,2008-07-07,,Stacja B
461,,,,,,727.0,2008-07-07,,Stacja C
462,,,,,,277.0,2009-07-06,,Stacja A
463,,,,,,847.0,2009-07-06,,Stacja B
464,,,,,,779.0,2009-07-06,,Stacja C
465,,,,,,158.0,2009-07-06,,Stacja D
466,,,,,,769.0,2010-07-12,,Stacja A
467,,,,,,213.0,2010-07-12,,Stacja B
468,,,,,,629.0,2010-07-12,,Stacja C
469,,,,,,1018.0,2010-07-12,,Stacja D
470,,,,,,692.0,2010-07-12,,Stacja E
471,,,,,,553.0,2011-07-11,,Stacja A
472,,,,,,910.0,2011-07-11,,Stacja B
473,,,,,,447.0,2011-07-11,,Stacja C
474,,,,,,489.0,2011-07-11,,Stacja D
475,,,,,,741.0,2011-07-11,,Stacja E
476,,,,,,743.0,2008-07-14,,Stacja A
477,,,,,,672.0,2008-07-14,,Stacja B
478,,,,,,955.0,2008-07-14,,Stacja C
479,,,,,,292.0,2009-07-13,,Stacja A
480,,,,,,798.0,2009-07-13,,Stacja B
481,,,,,,193.0,2009-07-13,,Stacja C
482,,,,,,385.0,2009-07-13,,Stacja D
483,,,,,,517.0,2010-07-19,,Stacja A
484,,,,,,1067.0,2010-07-19,,Stacja B
485,,,,,,823.0,2010-07-19,,Stacja C
486,,,,,,303.0,2010-07-19,,Stacja D
487,,,,,,162.0,2010-07-19,,Stacja E
488,,,,,,924.0,2011-07-18,,Stacja A
489,,,,,,453.0,2011-07-18,,Stacja B
490,,,,,,413.0,2011-07-18,,Stacja C
491,,,,,,403.0,2011-07-18,,Stacja D
492,,,,,,614.0,2011-07-18,,Stacja E
493,,,,,,491.0,2008-07-21,,Stacja A
494,,,,,,575.0,2008-07-21,,Stacja B
495,,,,,,301.0,2008-07-21,,Stacja C
496,,,,,,330.0,2009-07-20,,Stacja A
497,,,,,,629.0,2009-07-20,,Stacja B
498,,,,,,591.0,2009-07-20,,Stacja C
499,,,,,,494.0,2009-07-20,,Stacja D
500,,,,,,704.0,2010-07-26,,Stacja A
501,,,,,,395.0,2010-07-26,,Stacja B
502,,,,,,477.0,2010-07-26,,Stacja C
503,,,,,,836.0,2010-07-26,,Stacja D
504,,,,,,415.0,2010-07-26,,Stacja E
505,,,,,,673.0,2011-07-25,,Stacja A
506,,,,,,809.0,2011-07-25,,Stacja B
507,,,,,,620.0,2011-07-25,,Stacja C
508,,,,,,869.0,2011-07-25,,Stacja D
509,,,,,,306.0,2011-07-25,,Stacja E
510,,,,,,354.0,2008-07-28,,Stacja A
511,,,,,,434.0,2008-07-28,,Stacja B
512,,,,,,461.0,2008-07-28,,Stacja C
513,,,,,,355.0,2009-07-27,,Stacja A
514,,,,,,782.0,2009-07-27,,Stacja B
515,,,,,,699.0,2009-07-27,,Stacja C
516,,,,,,,2009-07-27,,Stacja D
517,,,,,,,2010-08-02,,Stacja A
518,,,,,,,2010-08-02,,Stacja B
519,,,,,,,2010-08-02,,Stacja C
520,,,,,,,2010-08-02,,Stacja D
521,,,,,,736.0,2010-08-02,,Stacja E
522,,,,,,592.0,2011-08-01,,Stacja A
523,,,,,,307.0,2011-08-01,,Stacja B
524,,,,,,340.0,2011-08-01,,Stacja C
525,,,,,,843.0,2011-08-01,,Stacja D
526,,,,,,335.0,2011-08-01,,Stacja E
527,,,,,,811.0,2008-08-04,,Stacja A
528,,,,,,348.0,2008-08-04,,Stacja B
529,,,,,,442.0,2008-08-04,,Stacja C
530,,,,,,508.0,2009-08-03,,Stacja A
531,,,,,,388.0,2009-08-03,,Stacja B
532,,,,,,624.0,2009-08-03,,Stacja C
533,,,,,,,2009-08-03,,Stacja D
534,,,,,,,2010-08-09,,Stacja A
535,,,,,,,2010-08-09,,Stacja B
536,,,,,,,2010-08-09,,Stacja C
537,,,,,,,2010-08-09,,Stacja D
538,,,,,,390.0,2010-08-09,,Stacja E
539,,,,,,877.0,2011-08-08,,Stacja A
540,,,,,,183.0,2011-08-08,,Stacja B
541,,,,,,528.0,2011-08-08,,Stacja C
542,,,,,,753.0,2011-08-08,,Stacja D
543,,,,,,595.0,2011-08-08,,Stacja E
544,,,,,,319.0,2008-08-11,,Stacja A
545,,,,,,591.0,2008-08-11,,Stacja B
546,,,,,,802.0,2008-08-11,,Stacja C
547,,,,,,733.0,2009-08-10,,Stacja A
548,,,,,,788.0,2009-08-10,,Stacja B
549,,,,,,605.0,2009-08-10,,Stacja C
550,,,,,,,2009-08-10,,Stacja D
551,,,,,,,2010-08-16,,Stacja A
552,,,,,,,2010-08-16,,Stacja B
553,,,,,,,2010-08-16,,Stacja C
554,,,,,,,2010-08-16,,Stacja D
555,,,,,,323.0,2010-08-16,,Stacja E
556,,,,,,246.0,2011-08-15,,Stacja A
557,,,,,,276.0,2011-08-15,,Stacja B
558,,,,,,643.0,2011-08-15,,Stacja C
559,,,,,,340.0,2011-08-15,,Stacja D
560,,,,,,604.0,2011-08-15,,Stacja E
561,,,,,,371.0,2008-08-18,,Stacja A
562,,,,,,508.0,2008-08-18,,Stacja B
563,,,,,,720.0,2008-08-18,,Stacja C
564,,,,,,663.0,2009-08-17,,Stacja A
565,,,,,,522.0,2009-08-17,,Stacja B
566,,,,,,388.0,2009-08-17,,Stacja C
567,,,,,,,2009-08-17,,Stacja D
568,,,,,,,2010-08-23,,Stacja A
569,,,,,,,2010-08-23,,Stacja B
570,,,,,,,2010-08-23,,Stacja C
571,,,,,,,2010-08-23,,Stacja D
572,,,,,,681.0,2010-08-23,,Stacja E
573,,,,,,563.0,2011-08-22,,Stacja A
574,,,,,,459.0,2011-08-22,,Stacja B
575,,,,,,399.0,2011-08-22,,Stacja C
576,,,,,,273.0,2011-08-22,,Stacja D
577,,,,,,571.0,2011-08-22,,Stacja E
578,,,,,,559.0,2008-08-25,,Stacja A
579,,,,,,568.0,2008-08-25,,Stacja B
580,,,,,,413.0,2008-08-25,,Stacja C
581,,,,,,284.0,2009-08-24,,Stacja A
582,,,,,,285.0,2009-08-24,,Stacja B
583,,,,,,423.0,2009-08-24,,Stacja C
584,,,,,,428.0,2009-08-24,,Stacja D
585,,,,,,597.0,2010-08-30,,Stacja A
586,,,,,,350.0,2010-08-30,,Stacja B
587,,,,,,790.0,2010-08-30,,Stacja C
588,,,,,,629.0,2010-08-30,,Stacja D
589,,,,,,768.0,2010-08-30,,Stacja E
590,,,,,,290.0,2011-08-29,,Stacja A
591,,,,,,434.0,2011-08-29,,Stacja B
592,,,,,,390.0,2011-08-29,,Stacja C
593,,,,,,500.0,2011-08-29,,Stacja D
594,,,,,,513.0,2011-08-29,,Stacja E
595,,,,,,216.0,2008-09-01,,Stacja A
596,,,,,,574.0,2008-09-01,,Stacja B
597,,,,,,284.0,2008-09-01,,Stacja C
598,,,,,,665.0,2009-08-31,,Stacja A
599,,,,,,440.0,2009-08-31,,Stacja B
600,,,,,,654.0,2009-08-31,,Stacja C
601,,,,,,626.0,2009-08-31,,Stacja D
602,,,,,,592.0,2010-09-06,,Stacja A
603,,,,,,591.0,2010-09-06,,Stacja B
604,,,,,,330.0,2010-09-06,,Stacja C
605,,,,,,676.0,2010-09-06,,Stacja D
606,,,,,,597.0,2010-09-06,,Stacja E
607,,,,,,562.0,2011-09-05,,Stacja A
608,,,,,,475.0,2011-09-05,,Stacja B
609,,,,,,333.0,2011-09-05,,Stacja C
610,,,,,,515.0,2011-09-05,,Stacja D
611,,,,,,309.0,2011-09-05,,Stacja E
612,,,,,,425.0,2008-09-08,,Stacja A
613,,,,,,543.0,2008-09-08,,Stacja B
614,,,,,,664.0,2008-09-08,,Stacja C
615,,,,,,324.0,2009-09-07,,Stacja A
616,,,,,,626.0,2009-09-07,,Stacja B
617,,,,,,180.0,2009-09-07,,Stacja C
618,,,,,,478.0,2009-09-07,,Stacja D
619,,,,,,390.0,2010-09-13,,Stacja A
620,,,,,,530.0,2010-09-13,,Stacja B
621,,,,,,358.0,2010-09-13,,Stacja C
622,,,,,,295.0,2010-09-13,,Stacja D
623,,,,,,546.0,2010-09-13,,Stacja E
624,,,,,,403.0,2011-09-12,,Stacja A
625,,,,,,475.0,2011-09-12,,Stacja B
626,,,,,,360.0,2011-09-12,,Stacja C
627,,,,,,606.0,2011-09-12,,Stacja D
628,,,,,,762.0,2011-09-12,,Stacja E
629,,,,,,344.0,2008-09-15,,Stacja A
630,,,,,,604.0,2008-09-15,,Stacja B
631,,,,,,463.0,2008-09-15,,Stacja C
632,,,,,,537.0,2009-09-14,,Stacja A
633,,,,,,,2009-09-14,,Stacja B
634,,,,,,,2009-09-14,,Stacja C
635,,,,,,618.0,2009-09-14,,Stacja D
636,,,,,,344.0,2010-09-20,,Stacja A
637,,,,,,767.0,2010-09-20,,Stacja B
638,,,,,,704.0,2010-09-20,,Stacja C
639,,,,,,481.0,2010-09-20,,Stacja D
640,,,,,,679.0,2010-09-20,,Stacja E
641,,,,,,697.0,2011-09-19,,Stacja A
642,,,,,,539.0,2011-09-19,,Stacja B
643,,,,,,337.0,2011-09-19,,Stacja C
644,,,,,,606.0,2011-09-19,,Stacja D
645,,,,,,335.0,2011-09-19,,Stacja E
646,,,,,,,2008-09-22,,Stacja A
647,,,,,,563.0,2008-09-22,,Stacja B
648,,,,,,529.0,2008-09-22,,Stacja C
649,,,,,,305.0,2009-09-21,,Stacja A
650,,,,,,631.0,2009-09-21,,Stacja B
651,,,,,,315.0,2009-09-21,,Stacja C
652,,,,,,400.0,2009-09-21,,Stacja D
653,,,,,,521.0,2010-09-27,,Stacja A
654,,,,,,488.0,2010-09-27,,Stacja B
655,,,,,,253.0,2010-09-27,,Stacja C
656,,,,,,183.0,2010-09-27,,Stacja D
657,,,,,,662.0,2010-09-27,,Stacja E
658,,,,,,377.0,2011-09-26,,Stacja A
659,,,,,,298.0,2011-09-26,,Stacja B
660,,,,,,469.0,2011-09-26,,Stacja C
661,,,,,,206.0,2011-09-26,,Stacja D
662,,,,,,489.0,2011-09-26,,Stacja E
663,,,,,,371.0,2008-09-29,,Stacja A
664,,,,,,235.0,2008-09-29,,Stacja B
665,,,,,,309.0,2008-09-29,,Stacja C
666,,,,,,492.0,2009-09-28,,Stacja A
667,,,,,,407.0,2009-09-28,,Stacja B
668,,,,,,571.0,2009-09-28,,Stacja C
669,,,,,,,2009-09-28,,Stacja D
670,,,,,,360.0,2010-10-04,,Stacja A
671,,,,,,520.0,2010-10-04,,Stacja B
672,,,,,,347.0,2010-10-04,,Stacja C
673,,,,,,230.0,2010-10-04,,Stacja D
674,,,,,,197.0,2010-10-04,,Stacja E
675,,,,,,512.0,2011-10-03,,Stacja A
676,,,,,,600.0,2011-10-03,,Stacja B
677,,,,,,377.0,2011-10-03,,Stacja C
678,,,,,,383.0,2011-10-03,,Stacja D
679,,,,,,221.0,2011-10-03,,Stacja E
680,,,,,,483.0,2008-10-06,,Stacja A
681,,,,,,491.0,2008-10-06,,Stacja B
682,,,,,,679.0,2008-10-06,,Stacja C
683,,,,,,441.0,2009-10-05,,Stacja A
684,,,,,,263.0,2009-10-05,,Stacja B
685,,,,,,443.0,2009-10-05,,Stacja C
686,,,,,,,2009-10-05,,Stacja D
687,,,,,,431.0,2010-10-11,,Stacja A
688,,,,,,613.0,2010-10-11,,Stacja B
689,,,,,,642.0,2010-10-11,,Stacja C
690,,,,,,,2010-10-11,,Stacja D
691,,,,,,158.0,2010-10-11,,Stacja E
692,,,,,,436.0,2011-10-10,,Stacja A
693,,,,,,376.0,2011-10-10,,Stacja B
694,,,,,,343.0,2011-10-10,,Stacja C
695,,,,,,207.0,2011-10-10,,Stacja D
696,,,,,,282.0,2011-10-10,,Stacja E
697,,,,,,489.0,2008-10-13,,Stacja A
698,,,,,,559.0,2008-10-13,,Stacja B
699,,,,,,,2008-10-13,,Stacja C
700,,,,,,596.0,2009-10-12,,Stacja A
701,,,,,,377.0,2009-10-12,,Stacja B
702,,,,,,451.0,2009-10-12,,Stacja C
703,,,,,,,2009-10-12,,Stacja D
704,,,,,,477.0,2010-10-18,,Stacja A
705,,,,,,335.0,2010-10-18,,Stacja B
706,,,,,,253.0,2010-10-18,,Stacja C
707,,,,,,,2010-10-18,,Stacja D
708,,,,,,129.0,2010-10-18,,Stacja E
709,,,,,,219.0,2011-10-17,,Stacja A
710,,,,,,172.0,2011-10-17,,Stacja B
711,,,,,,337.0,2011-10-17,,Stacja C
712,,,,,,424.0,2011-10-17,,Stacja D
713,,,,,,340.0,2011-10-17,,Stacja E
714,,,,,,421.0,2008-10-20,,Stacja A
715,,,,,,434.0,2008-10-20,,Stacja B
716,,,,,,423.0,2008-10-20,,Stacja C
717,,,,,,368.0,2009-10-19,,Stacja A
718,,,,,,394.0,2009-10-19,,Stacja B
719,,,,,,261.0,2009-10-19,,Stacja C
720,,,,,,,2009-10-19,,Stacja D
721,,,,,,175.0,2010-10-25,,Stacja A
722,,,,,,501.0,2010-10-25,,Stacja B
723,,,,,,407.0,2010-10-25,,Stacja C
724,,,,,,225.0,2010-10-25,,Stacja D
725,,,,,,438.0,2010-10-25,,Stacja E
726,,,,,,523.0,2011-10-24,,Stacja A
727,,,,,,481.0,2011-10-24,,Stacja B
728,,,,,,249.0,2011-10-24,,Stacja C
729,,,,,,334.0,2011-10-24,,Stacja D
730,,,,,,353.0,2011-10-24,,Stacja E
731,,,,,,557.0,2008-10-27,,Stacja A
732,,,,,,192.0,2008-10-27,,Stacja B
733,,,,,,533.0,2008-10-27,,Stacja C
734,,,,,,278.0,2009-10-26,,Stacja A
735,,,,,,377.0,2009-10-26,,Stacja B
736,,,,,,322.0,2009-10-26,,Stacja C
737,,,,,,399.0,2009-10-26,,Stacja D
738,,,,,,204.0,2010-11-01,,Stacja A
739,,,,,,430.0,2010-11-01,,Stacja B
740,,,,,,451.0,2010-11-01,,Stacja C
741,,,,,,,2010-11-01,,Stacja D
742,,,,,,302.0,2010-11-01,,Stacja E
743,,,,,,310.0,2011-10-31,,Stacja A
744,,,,,,128.0,2011-10-31,,Stacja B
745,,,,,,227.0,2011-10-31,,Stacja C
746,,,,,,500.0,2011-10-31,,Stacja D
747,,,,,,336.0,2011-10-31,,Stacja E
748,,,,,,444.0,2008-11-03,,Stacja A
749,,,,,,377.0,2008-11-03,,Stacja B
750,,,,,,458.0,2008-11-03,,Stacja C
751,,,,,,504.0,2009-11-02,,Stacja A
752,,,,,,359.0,2009-11-02,,Stacja B
753,,,,,,311.0,2009-11-02,,Stacja C
754,,,,,,258.0,2009-11-02,,Stacja D
755,,,,,,400.0,2010-11-08,,Stacja A
756,,,,,,403.0,2010-11-08,,Stacja B
757,,,,,,411.0,2010-11-08,,Stacja C
758,,,,,,404.0,2010-11-08,,Stacja D
759,,,,,,315.0,2010-11-08,,Stacja E
760,,,,,,371.0,2011-11-07,,Stacja A
761,,,,,,149.0,2011-11-07,,Stacja B
762,,,,,,289.0,2011-11-07,,Stacja C
763,,,,,,317.0,2011-11-07,,Stacja D
764,,,,,,172.0,2011-11-07,,Stacja E
765,,,,,,343.0,2008-11-10,,Stacja A
766,,,,,,220.0,2008-11-10,,Stacja B
767,,,,,,393.0,2008-11-10,,Stacja C
768,,,,,,,2009-11-09,,Stacja A
769,,,,,,338.0,2009-11-09,,Stacja B
770,,,,,,423.0,2009-11-09,,Stacja C
771,,,,,,203.0,2009-11-09,,Stacja D
772,,,,,,465.0,2010-11-15,,Stacja A
773,,,,,,241.0,2010-11-15,,Stacja B
774,,,,,,494.0,2010-11-15,,Stacja C
775,,,,,,201.0,2010-11-15,,Stacja D
776,,,,,,359.0,2010-11-15,,Stacja E
777,,,,,,329.0,2011-11-14,,Stacja A
778,,,,,,285.0,2011-11-14,,Stacja B
779,,,,,,476.0,2011-11-14,,Stacja C
780,,,,,,529.0,2011-11-14,,Stacja D
781,,,,,,200.0,2011-11-14,,Stacja E
782,,,,,,261.0,2008-11-17,,Stacja A
783,,,,,,411.0,2008-11-17,,Stacja B
784,,,,,,212.0,2008-11-17,,Stacja C
785,,,,,,,2009-11-16,,Stacja A
786,,,,,,357.0,2009-11-16,,Stacja B
787,,,,,,384.0,2009-11-16,,Stacja C
788,,,,,,358.0,2009-11-16,,Stacja D
789,,,,,,202.0,2010-11-22,,Stacja A
790,,,,,,320.0,2010-11-22,,Stacja B
791,,,,,,269.0,2010-11-22,,Stacja C
792,,,,,,222.0,2010-11-22,,Stacja D
793,,,,,,311.0,2010-11-22,,Stacja E
794,,,,,,171.0,2011-11-21,,Stacja A
795,,,,,,373.0,2011-11-21,,Stacja B
796,,,,,,241.0,2011-11-21,,Stacja C
797,,,,,,330.0,2011-11-21,,Stacja D
798,,,,,,509.0,2011-11-21,,Stacja E
799,,,,,,364.0,2008-11-24,,Stacja A
800,,,,,,435.0,2008-11-24,,Stacja B
801,,,,,,296.0,2008-11-24,,Stacja C
802,,,,,,,2009-11-23,,Stacja A
803,,,,,,444.0,2009-11-23,,Stacja B
804,,,,,,296.0,2009-11-23,,Stacja C
805,,,,,,448.0,2009-11-23,,Stacja D
806,,,,,,184.0,2010-11-29,,Stacja A
807,,,,,,274.0,2010-11-29,,Stacja B
808,,,,,,383.0,2010-11-29,,Stacja C
809,,,,,,157.0,2010-11-29,,Stacja D
810,,,,,,146.0,2010-11-29,,Stacja E
811,,,,,,,2011-11-28,,Stacja A
812,,,,,,359.0,2011-11-28,,Stacja B
813,,,,,,483.0,2011-11-28,,Stacja C
814,,,,,,185.0,2011-11-28,,Stacja D
815,,,,,,270.0,2011-11-28,,Stacja E
816,,,,,,327.0,2008-12-01,,Stacja A
817,,,,,,264.0,2008-12-01,,Stacja B
818,,,,,,363.0,2008-12-01,,Stacja C
819,,,,,,,2009-11-30,,Stacja A
820,,,,,,261.0,2009-11-30,,Stacja B
821,,,,,,316.0,2009-11-30,,Stacja C
822,,,,,,260.0,2009-11-30,,Stacja D
823,,,,,,204.0,2010-12-06,,Stacja A
824,,,,,,367.0,2010-12-06,,Stacja B
825,,,,,,161.0,2010-12-06,,Stacja C
826,,,,,,125.0,2010-12-06,,Stacja D
827,,,,,,297.0,2010-12-06,,Stacja E
828,,,,,,,2011-12-05,,Stacja A
829,,,,,,221.0,2011-12-05,,Stacja B
830,,,,,,347.0,2011-12-05,,Stacja C
831,,,,,,203.0,2011-12-05,,Stacja D
832,,,,,,362.0,2011-12-05,,Stacja E
833,,,,,,347.0,2008-12-08,,Stacja A
834,,,,,,156.0,2008-12-08,,Stacja B
835,,,,,,310.0,2008-12-08,,Stacja C
836,,,,,,,2009-12-07,,Stacja A
837,,,,,,255.0,2009-12-07,,Stacja B
838,,,,,,397.0,2009-12-07,,Stacja C
839,,,,,,265.0,2009-12-07,,Stacja D
840,,,,,,243.0,2010-12-13,,Stacja A
841,,,,,,337.0,2010-12-13,,Stacja B
842,,,,,,223.0,2010-12-13,,Stacja C
843,,,,,,277.0,2010-12-13,,Stacja D
844,,,,,,120.0,2010-12-13,,Stacja E
845,,,,,,,2011-12-12,,Stacja A
846,,,,,,241.0,2011-12-12,,Stacja B
847,,,,,,227.0,2011-12-12,,Stacja C
848,,,,,,319.0,2011-12-12,,Stacja D
849,,,,,,413.0,2011-12-12,,Stacja E
850,,,,,,356.0,2008-12-15,,Stacja A
851,,,,,,341.0,2008-12-15,,Stacja B
852,,,,,,399.0,2008-12-15,,Stacja C
853,,,,,,,2009-12-14,,Stacja A
854,,,,,,380.0,2009-12-14,,Stacja B
855,,,,,,123.0,2009-12-14,,Stacja C
856,,,,,,173.0,2009-12-14,,Stacja D
857,,,,,,393.0,2010-12-20,,Stacja A
858,,,,,,179.0,2010-12-20,,Stacja B
859,,,,,,292.0,2010-12-20,,Stacja C
860,,,,,,267.0,2010-12-20,,Stacja D
861,,,,,,327.0,2010-12-20,,Stacja E
862,,,,,,,2011-12-19,,Stacja A
863,,,,,,190.0,2011-12-19,,Stacja B
864,,,,,,406.0,2011-12-19,,Stacja C
865,,,,,,188.0,2011-12-19,,Stacja D
866,,,,,,161.0,2011-12-19,,Stacja E
867,,,,,,400.0,2008-12-22,,Stacja A
868,,,,,,378.0,2008-12-22,,Stacja B
869,,,,,,364.0,2008-12-22,,Stacja C
870,,,,,,,2009-12-21,,Stacja A
871,,,,,,376.0,2009-12-21,,Stacja B
872,,,,,,170.0,2009-12-21,,Stacja C
873,,,,,,248.0,2009-12-21,,Stacja D
874,,,,,,231.0,2010-12-27,,Stacja A
875,,,,,,390.0,2010-12-27,,Stacja B
876,,,,,,135.0,2010-12-27,,Stacja C
877,,,,,,119.0,2010-12-27,,Stacja D
878,,,,,,308.0,2010-12-27,,Stacja E
879,,,,,,171.0,2011-12-26,,Stacja A
880,,,,,,359.0,2011-12-26,,Stacja B
881,,,,,,303.0,2011-12-26,,Stacja C
882,,,,,,330.0,2011-12-26,,Stacja D
883,,,,,,190.0,2011-12-26,,Stacja E
0,,,,,,,2007-12-31,,Stacja A
1,,,,,,,2007-12-31,,Stacja B
2,,,,,,,2007-12-31,,Stacja C
3,,,,,411.0,,2008-12-29,,Stacja A
4,,,,,109.0,,2008-12-29,,Stacja B
5,,,,,114.0,,2008-12-29,,Stacja C
6,,,,,,,2008-12-29,,Stacja D
7,,,,,353.0,,2010-01-04,,Stacja A
8,,,,,122.0,,2010-01-04,,Stacja B
9,,,,,359.0,,2010-01-04,,Stacja C
10,,,,,179.0,,2010-01-04,,Stacja D
11,,,,,,,2010-01-04,,Stacja E
12,,,,,192.0,,2011-01-03,,Stacja A
13,,,,,389.0,,2011-01-03,,Stacja B
14,,,,,265.0,,2011-01-03,,Stacja C
15,,,,,181.0,,2011-01-03,,Stacja D
16,,,,,204.0,,2011-01-03,,Stacja E
17,,,,,,,2008-01-07,,Stacja A
18,,,,,,,2008-01-07,,Stacja B
19,,,,,,,2008-01-07,,Stacja C
20,,,,,358.0,,2009-01-05,,Stacja A
21,,,,,350.0,,2009-01-05,,Stacja B
22,,,,,402.0,,2009-01-05,,Stacja C
23,,,,,,,2009-01-05,,Stacja D
24,,,,,132.0,,2010-01-11,,Stacja A
25,,,,,218.0,,2010-01-11,,Stacja B
26,,,,,354.0,,2010-01-11,,Stacja C
27,,,,,269.0,,2010-01-11,,Stacja D
28,,,,,,,2010-01-11,,Stacja E
29,,,,,239.0,,2011-01-10,,Stacja A
30,,,,,165.0,,2011-01-10,,Stacja B
31,,,,,232.0,,2011-01-10,,Stacja C
32,,,,,379.0,,2011-01-10,,Stacja D
33,,,,,318.0,,2011-01-10,,Stacja E
34,,,,,,,2008-01-14,,Stacja A
35,,,,,,,2008-01-14,,Stacja B
36,,,,,,,2008-01-14,,Stacja C
37,,,,,127.0,,2009-01-12,,Stacja A
38,,,,,326.0,,2009-01-12,,Stacja B
39,,,,,331.0,,2009-01-12,,Stacja C
40,,,,,,,2009-01-12,,Stacja D
41,,,,,259.0,,2010-01-18,,Stacja A
42,,,,,133.0,,2010-01-18,,Stacja B
43,,,,,413.0,,2010-01-18,,Stacja C
44,,,,,370.0,,2010-01-18,,Stacja D
45,,,,,,,2010-01-18,,Stacja E
46,,,,,406.0,,2011-01-17,,Stacja A
47,,,,,264.0,,2011-01-17,,Stacja B
48,,,,,275.0,,2011-01-17,,Stacja C
49,,,,,357.0,,2011-01-17,,Stacja D
50,,,,,419.0,,2011-01-17,,Stacja E
51,,,,,,,2008-01-21,,Stacja A
52,,,,,,,2008-01-21,,Stacja B
53,,,,,,,2008-01-21,,Stacja C
54,,,,,312.0,,2009-01-19,,Stacja A
55,,,,,238.0,,2009-01-19,,Stacja B
56,,,,,319.0,,2009-01-19,,Stacja C
57,,,,,,,2009-01-19,,Stacja D
58,,,,,389.0,,2010-01-25,,Stacja A
59,,,,,278.0,,2010-01-25,,Stacja B
60,,,,,277.0,,2010-01-25,,Stacja C
61,,,,,272.0,,2010-01-25,,Stacja D
62,,,,,,,2010-01-25,,Stacja E
63,,,,,478.0,,2011-01-24,,Stacja A
64,,,,,248.0,,2011-01-24,,Stacja B
65,,,,,262.0,,2011-01-24,,Stacja C
66,,,,,232.0,,2011-01-24,,Stacja D
67,,,,,115.0,,2011-01-24,,Stacja E
68,,,,,,,2008-01-28,,Stacja A
69,,,,,,,2008-01-28,,Stacja B
70,,,,,,,2008-01-28,,Stacja C
71,,,,,347.0,,2009-01-26,,Stacja A
72,,,,,284.0,,2009-01-26,,Stacja B
73,,,,,477.0,,2009-01-26,,Stacja C
74,,,,,,,2009-01-26,,Stacja D
75,,,,,354.0,,2010-02-01,,Stacja A
76,,,,,219.0,,2010-02-01,,Stacja B
77,,,,,270.0,,2010-02-01,,Stacja C
78,,,,,499.0,,2010-02-01,,Stacja D
79,,,,,,,2010-02-01,,Stacja E
80,,,,,228.0,,2011-01-31,,Stacja A
81,,,,,319.0,,2011-01-31,,Stacja B
82,,,,,248.0,,2011-01-31,,Stacja C
83,,,,,214.0,,2011-01-31,,Stacja D
84,,,,,226.0,,2011-01-31,,Stacja E
85,,,,,,,2008-02-04,,Stacja A
86,,,,,,,2008-02-04,,Stacja B
87,,,,,,,2008-02-04,,Stacja C
88,,,,,465.0,,2009-02-02,,Stacja A
89,,,,,212.0,,2009-02-02,,Stacja B
90,,,,,378.0,,2009-02-02,,Stacja C
91,,,,,,,2009-02-02,,Stacja D
92,,,,,293.0,,2010-02-08,,Stacja A
93,,,,,458.0,,2010-02-08,,Stacja B
94,,,,,234.0,,2010-02-08,,Stacja C
95,,,,,182.0,,2010-02-08,,Stacja D
96,,,,,,,2010-02-08,,Stacja E
97,,,,,342.0,,2011-02-07,,Stacja A
98,,,,,245.0,,2011-02-07,,Stacja B
99,,,,,313.0,,2011-02-07,,Stacja C
100,,,,,314.0,,2011-02-07,,Stacja D
101,,,,,272.0,,2011-02-07,,Stacja E
102,,,,,,,2008-02-11,,Stacja A
103,,,,,,,2008-02-11,,Stacja B
104,,,,,,,2008-02-11,,Stacja C
105,,,,,527.0,,2009-02-09,,Stacja A
106,,,,,377.0,,2009-02-09,,Stacja B
107,,,,,345.0,,2009-02-09,,Stacja C
108,,,,,,,2009-02-09,,Stacja D
109,,,,,356.0,,2010-02-15,,Stacja A
110,,,,,278.0,,2010-02-15,,Stacja B
111,,,,,323.0,,2010-02-15,,Stacja C
112,,,,,335.0,,2010-02-15,,Stacja D
113,,,,,,,2010-02-15,,Stacja E
114,,,,,484.0,,2011-02-14,,Stacja A
115,,,,,448.0,,2011-02-14,,Stacja B
116,,,,,382.0,,2011-02-14,,Stacja C
117,,,,,457.0,,2011-02-14,,Stacja D
118,,,,,537.0,,2011-02-14,,Stacja E
119,,,,,,,2008-02-18,,Stacja A
120,,,,,,,2008-02-18,,Stacja B
121,,,,,,,2008-02-18,,Stacja C
122,,,,,377.0,,2009-02-16,,Stacja A
123,,,,,325.0,,2009-02-16,,Stacja B
124,,,,,416.0,,2009-02-16,,Stacja C
125,,,,,,,2009-02-16,,Stacja D
126,,,,,313.0,,2010-02-22,,Stacja A
127,,,,,187.0,,2010-02-22,,Stacja B
128,,,,,276.0,,2010-02-22,,Stacja C
129,,,,,368.0,,2010-02-22,,Stacja D
130,,,,,,,2010-02-22,,Stacja E
131,,,,,481.0,,2011-02-21,,Stacja A
132,,,,,211.0,,2011-02-21,,Stacja B
133,,,,,255.0,,2011-02-21,,Stacja C
134,,,,,349.0,,2011-02-21,,Stacja D
135,,,,,391.0,,2011-02-21,,Stacja E
136,,,,,,,2008-02-25,,Stacja A
137,,,,,,,2008-02-25,,Stacja B
138,,,,,,,2008-02-25,,Stacja C
139,,,,,556.0,,2009-02-23,,Stacja A
140,,,,,416.0,,2009-02-23,,Stacja B
141,,,,,349.0,,2009-02-23,,Stacja C
142,,,,,,,2009-02-23,,Stacja D
143,,,,,473.0,,2010-03-01,,Stacja A
144,,,,,328.0,,2010-03-01,,Stacja B
145,,,,,497.0,,2010-03-01,,Stacja C
146,,,,,382.0,,2010-03-01,,Stacja D
147,,,,,,,2010-03-01,,Stacja E
148,,,,,456.0,,2011-02-28,,Stacja A
149,,,,,439.0,,2011-02-28,,Stacja B
150,,,,,277.0,,2011-02-28,,Stacja C
151,,,,,286.0,,2011-02-28,,Stacja D
152,,,,,385.0,,2011-02-28,,Stacja E
153,,,,,,,2008-03-03,,Stacja A
154,,,,,,,2008-03-03,,Stacja B
155,,,,,,,2008-03-03,,Stacja C
156,,,,,514.0,,2009-03-02,,Stacja A
157,,,,,591.0,,2009-03-02,,Stacja B
158,,,,,400.0,,2009-03-02,,Stacja C
159,,,,,,,2009-03-02,,Stacja D
160,,,,,301.0,,2010-03-08,,Stacja A
161,,,,,429.0,,2010-03-08,,Stacja B
162,,,,,431.0,,2010-03-08,,Stacja C
163,,,,,435.0,,2010-03-08,,Stacja D
164,,,,,,,2010-03-08,,Stacja E
165,,,,,414.0,,2011-03-07,,Stacja A
166,,,,,265.0,,2011-03-07,,Stacja B
167,,,,,509.0,,2011-03-07,,Stacja C
168,,,,,358.0,,2011-03-07,,Stacja D
169,,,,,510.0,,2011-03-07,,Stacja E
170,,,,,,,2008-03-10,,Stacja A
171,,,,,,,2008-03-10,,Stacja B
172,,,,,,,2008-03-10,,Stacja C
173,,,,,331.0,,2009-03-09,,Stacja A
174,,,,,280.0,,2009-03-09,,Stacja B
175,,,,,281.0,,2009-03-09,,Stacja C
176,,,,,,,2009-03-09,,Stacja D
177,,,,,402.0,,2010-03-15,,Stacja A
178,,,,,483.0,,2010-03-15,,Stacja B
179,,,,,470.0,,2010-03-15,,Stacja C
180,,,,,323.0,,2010-03-15,,Stacja D
181,,,,,,,2010-03-15,,Stacja E
182,,,,,333.0,,2011-03-14,,Stacja A
183,,,,,592.0,,2011-03-14,,Stacja B
184,,,,,412.0,,2011-03-14,,Stacja C
185,,,,,248.0,,2011-03-14,,Stacja D
186,,,,,696.0,,2011-03-14,,Stacja E
187,,,,,422.0,,2008-03-17,,Stacja A
188,,,,,598.0,,2008-03-17,,Stacja B
189,,,,,286.0,,2008-03-17,,Stacja C
190,,,,,244.0,,2009-03-16,,Stacja A
191,,,,,439.0,,2009-03-16,,Stacja B
192,,,,,642.0,,2009-03-16,,Stacja C
193,,,,,,,2009-03-16,,Stacja D
194,,,,,606.0,,2010-03-22,,Stacja A
195,,,,,222.0,,2010-03-22,,Stacja B
196,,,,,298.0,,2010-03-22,,Stacja C
197,,,,,421.0,,2010-03-22,,Stacja D
198,,,,,,,2010-03-22,,Stacja E
199,,,,,274.0,,2011-03-21,,Stacja A
200,,,,,276.0,,2011-03-21,,Stacja B
201,,,,,560.0,,2011-03-21,,Stacja C
202,,,,,390.0,,2011-03-21,,Stacja D
203,,,,,663.0,,2011-03-21,,Stacja E
204,,,,,698.0,,2008-03-24,,Stacja A
205,,,,,441.0,,2008-03-24,,Stacja B
206,,,,,422.0,,2008-03-24,,Stacja C
207,,,,,414.0,,2009-03-23,,Stacja A
208,,,,,410.0,,2009-03-23,,Stacja B
209,,,,,504.0,,2009-03-23,,Stacja C
210,,,,,,,2009-03-23,,Stacja D
211,,,,,383.0,,2010-03-29,,Stacja A
212,,,,,433.0,,2010-03-29,,Stacja B
213,,,,,195.0,,2010-03-29,,Stacja C
214,,,,,600.0,,2010-03-29,,Stacja D
215,,,,,,,2010-03-29,,Stacja E
216,,,,,561.0,,2011-03-28,,Stacja A
217,,,,,229.0,,2011-03-28,,Stacja B
218,,,,,553.0,,2011-03-28,,Stacja C
219,,,,,271.0,,2011-03-28,,Stacja D
220,,,,,489.0,,2011-03-28,,Stacja E
221,,,,,565.0,,2008-03-31,,Stacja A
222,,,,,386.0,,2008-03-31,,Stacja B
223,,,,,715.0,,2008-03-31,,Stacja C
224,,,,,678.0,,2009-03-30,,Stacja A
225,,,,,387.0,,2009-03-30,,Stacja B
226,,,,,564.0,,2009-03-30,,Stacja C
227,,,,,333.0,,2009-03-30,,Stacja D
228,,,,,506.0,,2010-04-05,,Stacja A
229,,,,,475.0,,2010-04-05,,Stacja B
230,,,,,718.0,,2010-04-05,,Stacja C
231,,,,,535.0,,2010-04-05,,Stacja D
232,,,,,,,2010-04-05,,Stacja E
233,,,,,361.0,,2011-04-04,,Stacja A
234,,,,,425.0,,2011-04-04,,Stacja B
235,,,,,398.0,,2011-04-04,,Stacja C
236,,,,,196.0,,2011-04-04,,Stacja D
237,,,,,539.0,,2011-04-04,,Stacja E
238,,,,,281.0,,2008-04-07,,Stacja A
239,,,,,678.0,,2008-04-07,,Stacja B
240,,,,,455.0,,2008-04-07,,Stacja C
241,,,,,749.0,,2009-04-06,,Stacja A
242,,,,,223.0,,2009-04-06,,Stacja B
243,,,,,295.0,,2009-04-06,,Stacja C
244,,,,,228.0,,2009-04-06,,Stacja D
245,,,,,487.0,,2010-04-12,,Stacja A
246,,,,,558.0,,2010-04-12,,Stacja B
247,,,,,575.0,,2010-04-12,,Stacja C
248,,,,,339.0,,2010-04-12,,Stacja D
249,,,,,,,2010-04-12,,Stacja E
250,,,,,391.0,,2011-04-11,,Stacja A
251,,,,,312.0,,2011-04-11,,Stacja B
252,,,,,227.0,,2011-04-11,,Stacja C
253,,,,,685.0,,2011-04-11,,Stacja D
254,,,,,440.0,,2011-04-11,,Stacja E
255,,,,,408.0,,2008-04-14,,Stacja A
256,,,,,484.0,,2008-04-14,,Stacja B
257,,,,,512.0,,2008-04-14,,Stacja C
258,,,,,520.0,,2009-04-13,,Stacja A
259,,,,,352.0,,2009-04-13,,Stacja B
260,,,,,215.0,,2009-04-13,,Stacja C
261,,,,,394.0,,2009-04-13,,Stacja D
262,,,,,275.0,,2010-04-19,,Stacja A
263,,,,,304.0,,2010-04-19,,Stacja B
264,,,,,365.0,,2010-04-19,,Stacja C
265,,,,,364.0,,2010-04-19,,Stacja D
266,,,,,,,2010-04-19,,Stacja E
267,,,,,234.0,,2011-04-18,,Stacja A
268,,,,,545.0,,2011-04-18,,Stacja B
269,,,,,458.0,,2011-04-18,,Stacja C
270,,,,,244.0,,2011-04-18,,Stacja D
271,,,,,668.0,,2011-04-18,,Stacja E
272,,,,,505.0,,2008-04-21,,Stacja A
273,,,,,580.0,,2008-04-21,,Stacja B
274,,,,,612.0,,2008-04-21,,Stacja C
275,,,,,754.0,,2009-04-20,,Stacja A
276,,,,,457.0,,2009-04-20,,Stacja B
277,,,,,318.0,,2009-04-20,,Stacja C
278,,,,,673.0,,2009-04-20,,Stacja D
279,,,,,480.0,,2010-04-26,,Stacja A
280,,,,,471.0,,2010-04-26,,Stacja B
281,,,,,290.0,,2010-04-26,,Stacja C
282,,,,,779.0,,2010-04-26,,Stacja D
283,,,,,,,2010-04-26,,Stacja E
284,,,,,630.0,,2011-04-25,,Stacja A
285,,,,,142.0,,2011-04-25,,Stacja B
286,,,,,549.0,,2011-04-25,,Stacja C
287,,,,,474.0,,2011-04-25,,Stacja D
288,,,,,365.0,,2011-04-25,,Stacja E
289,,,,,818.0,,2008-04-28,,Stacja A
290,,,,,377.0,,2008-04-28,,Stacja B
291,,,,,658.0,,2008-04-28,,Stacja C
292,,,,,424.0,,2009-04-27,,Stacja A
293,,,,,316.0,,2009-04-27,,Stacja B
294,,,,,444.0,,2009-04-27,,Stacja C
295,,,,,425.0,,2009-04-27,,Stacja D
296,,,,,481.0,,2010-05-03,,Stacja A
297,,,,,417.0,,2010-05-03,,Stacja B
298,,,,,446.0,,2010-05-03,,Stacja C
299,,,,,648.0,,2010-05-03,,Stacja D
300,,,,,,,2010-05-03,,Stacja E
301,,,,,417.0,,2011-05-02,,Stacja A
302,,,,,561.0,,2011-05-02,,Stacja B
303,,,,,474.0,,2011-05-02,,Stacja C
304,,,,,661.0,,2011-05-02,,Stacja D
305,,,,,919.0,,2011-05-02,,Stacja E
306,,,,,549.0,,2008-05-05,,Stacja A
307,,,,,375.0,,2008-05-05,,Stacja B
308,,,,,827.0,,2008-05-05,,Stacja C
309,,,,,738.0,,2009-05-04,,Stacja A
310,,,,,923.0,,2009-05-04,,Stacja B
311,,,,,508.0,,2009-05-04,,Stacja C
312,,,,,627.0,,2009-05-04,,Stacja D
313,,,,,683.0,,2010-05-10,,Stacja A
314,,,,,390.0,,2010-05-10,,Stacja B
315,,,,,390.0,,2010-05-10,,Stacja C
316,,,,,617.0,,2010-05-10,,Stacja D
317,,,,,,,2010-05-10,,Stacja E
318,,,,,728.0,,2011-05-09,,Stacja A
319,,,,,400.0,,2011-05-09,,Stacja B
320,,,,,385.0,,2011-05-09,,Stacja C
321,,,,,775.0,,2011-05-09,,Stacja D
322,,,,,670.0,,2011-05-09,,Stacja E
323,,,,,,,2008-05-12,,Stacja A
324,,,,,,,2008-05-12,,Stacja B
325,,,,,,,2008-05-12,,Stacja C
326,,,,,,,2009-05-11,,Stacja A
327,,,,,533.0,,2009-05-11,,Stacja B
328,,,,,751.0,,2009-05-11,,Stacja C
329,,,,,854.0,,2009-05-11,,Stacja D
330,,,,,701.0,,2010-05-17,,Stacja A
331,,,,,337.0,,2010-05-17,,Stacja B
332,,,,,879.0,,2010-05-17,,Stacja C
333,,,,,271.0,,2010-05-17,,Stacja D
334,,,,,,,2010-05-17,,Stacja E
335,,,,,339.0,,2011-05-16,,Stacja A
336,,,,,711.0,,2011-05-16,,Stacja B
337,,,,,376.0,,2011-05-16,,Stacja C
338,,,,,651.0,,2011-05-16,,Stacja D
339,,,,,428.0,,2011-05-16,,Stacja E
340,,,,,545.0,,2008-05-19,,Stacja A
341,,,,,725.0,,2008-05-19,,Stacja B
342,,,,,633.0,,2008-05-19,,Stacja C
343,,,,,701.0,,2009-05-18,,Stacja A
344,,,,,613.0,,2009-05-18,,Stacja B
345,,,,,313.0,,2009-05-18,,Stacja C
346,,,,,437.0,,2009-05-18,,Stacja D
347,,,,,914.0,,2010-05-24,,Stacja A
348,,,,,544.0,,2010-05-24,,Stacja B
349,,,,,932.0,,2010-05-24,,Stacja C
350,,,,,728.0,,2010-05-24,,Stacja D
351,,,,,,,2010-05-24,,Stacja E
352,,,,,911.0,,2011-05-23,,Stacja A
353,,,,,511.0,,2011-05-23,,Stacja B
354,,,,,463.0,,2011-05-23,,Stacja C
355,,,,,475.0,,2011-05-23,,Stacja D
356,,,,,697.0,,2011-05-23,,Stacja E
357,,,,,662.0,,2008-05-26,,Stacja A
358,,,,,353.0,,2008-05-26,,Stacja B
359,,,,,802.0,,2008-05-26,,Stacja C
360,,,,,501.0,,2009-05-25,,Stacja A
361,,,,,1013.0,,2009-05-25,,Stacja B
362,,,,,615.0,,2009-05-25,,Stacja C
363,,,,,404.0,,2009-05-25,,Stacja D
364,,,,,492.0,,2010-05-31,,Stacja A
365,,,,,574.0,,2010-05-31,,Stacja B
366,,,,,668.0,,2010-05-31,,Stacja C
367,,,,,202.0,,2010-05-31,,Stacja D
368,,,,,123.0,,2010-05-31,,Stacja E
369,,,,,642.0,,2011-05-30,,Stacja A
370,,,,,830.0,,2011-05-30,,Stacja B
371,,,,,572.0,,2011-05-30,,Stacja C
372,,,,,458.0,,2011-05-30,,Stacja D
373,,,,,830.0,,2011-05-30,,Stacja E
374,,,,,546.0,,2008-06-02,,Stacja A
375,,,,,705.0,,2008-06-02,,Stacja B
376,,,,,,,2008-06-02,,Stacja C
377,,,,,265.0,,2009-06-01,,Stacja A
378,,,,,607.0,,2009-06-01,,Stacja B
379,,,,,1016.0,,2009-06-01,,Stacja C
380,,,,,218.0,,2009-06-01,,Stacja D
381,,,,,609.0,,2010-06-07,,Stacja A
382,,,,,749.0,,2010-06-07,,Stacja B
383,,,,,781.0,,2010-06-07,,Stacja C
384,,,,,599.0,,2010-06-07,,Stacja D
385,,,,,,,2010-06-07,,Stacja E
386,,,,,326.0,,2011-06-06,,Stacja A
387,,,,,708.0,,2011-06-06,,Stacja B
388,,,,,530.0,,2011-06-06,,Stacja C
389,,,,,351.0,,2011-06-06,,Stacja D
390,,,,,478.0,,2011-06-06,,Stacja E
391,,,,,378.0,,2008-06-09,,Stacja A
392,,,,,213.0,,2008-06-09,,Stacja B
393,,,,,,,2008-06-09,,Stacja C
394,,,,,678.0,,2009-06-08,,Stacja A
395,,,,,774.0,,2009-06-08,,Stacja B
396,,,,,1026.0,,2009-06-08,,Stacja C
397,,,,,872.0,,2009-06-08,,Stacja D
398,,,,,812.0,,2010-06-14,,Stacja A
399,,,,,926.0,,2010-06-14,,Stacja B
400,,,,,818.0,,2010-06-14,,Stacja C
401,,,,,525.0,,2010-06-14,,Stacja D
402,,,,,,,2010-06-14,,Stacja E
403,,,,,525.0,,2011-06-13,,Stacja A
404,,,,,481.0,,2011-06-13,,Stacja B
405,,,,,695.0,,2011-06-13,,Stacja C
406,,,,,508.0,,2011-06-13,,Stacja D
407,,,,,384.0,,2011-06-13,,Stacja E
408,,,,,1008.0,,2008-06-16,,Stacja A
409,,,,,154.0,,2008-06-16,,Stacja B
410,,,,,,,2008-06-16,,Stacja C
411,,,,,544.0,,2009-06-15,,Stacja A
412,,,,,380.0,,2009-06-15,,Stacja B
413,,,,,414.0,,2009-06-15,,Stacja C
414,,,,,882.0,,2009-06-15,,Stacja D
415,,,,,527.0,,2010-06-21,,Stacja A
416,,,,,581.0,,2010-06-21,,Stacja B
417,,,,,609.0,,2010-06-21,,Stacja C
418,,,,,1013.0,,2010-06-21,,Stacja D
419,,,,,,,2010-06-21,,Stacja E
420,,,,,712.0,,2011-06-20,,Stacja A
421,,,,,393.0,,2011-06-20,,Stacja B
422,,,,,815.0,,2011-06-20,,Stacja C
423,,,,,1097.0,,2011-06-20,,Stacja D
424,,,,,353.0,,2011-06-20,,Stacja E
425,,,,,847.0,,2008-06-23,,Stacja A
426,,,,,229.0,,2008-06-23,,Stacja B
427,,,,,,,2008-06-23,,Stacja C
428,,,,,864.0,,2009-06-22,,Stacja A
429,,,,,380.0,,2009-06-22,,Stacja B
430,,,,,340.0,,2009-06-22,,Stacja C
431,,,,,786.0,,2009-06-22,,Stacja D
432,,,,,431.0,,2010-06-28,,Stacja A
433,,,,,375.0,,2010-06-28,,Stacja B
434,,,,,166.0,,2010-06-28,,Stacja C
435,,,,,224.0,,2010-06-28,,Stacja D
436,,,,,561.0,,2010-06-28,,Stacja E
437,,,,,571.0,,2011-06-27,,Stacja A
438,,,,,774.0,,2011-06-27,,Stacja B
439,,,,,494.0,,2011-06-27,,Stacja C
440,,,,,505.0,,2011-06-27,,Stacja D
441,,,,,670.0,,2011-06-27,,Stacja E
442,,,,,392.0,,2008-06-30,,Stacja A
443,,,,,617.0,,2008-06-30,,Stacja B
444,,,,,,,2008-06-30,,Stacja C
445,,,,,672.0,,2009-06-29,,Stacja A
446,,,,,371.0,,2009-06-29,,Stacja B
447,,,,,692.0,,2009-06-29,,Stacja C
448,,,,,607.0,,2009-06-29,,Stacja D
449,,,,,534.0,,2010-07-05,,Stacja A
450,,,,,525.0,,2010-07-05,,Stacja B
451,,,,,808.0,,2010-07-05,,Stacja C
452,,,,,424.0,,2010-07-05,,Stacja D
453,,,,,794.0,,2010-07-05,,Stacja E
454,,,,,638.0,,2011-07-04,,Stacja A
455,,,,,546.0,,2011-07-04,,Stacja B
456,,,,,384.0,,2011-07-04,,Stacja C
457,,,,,196.0,,2011-07-04,,Stacja D
458,,,,,670.0,,2011-07-04,,Stacja E
459,,,,,713.0,,2008-07-07,,Stacja A
460,,,,,249.0,,2008-07-07,,Stacja B
461,,,,,297.0,,2008-07-07,,Stacja C
462,,,,,882.0,,2009-07-06,,Stacja A
463,,,,,360.0,,2009-07-06,,Stacja B
464,,,,,580.0,,2009-07-06,,Stacja C
465,,,,,1010.0,,2009-07-06,,Stacja D
466,,,,,794.0,,2010-07-12,,Stacja A
467,,,,,655.0,,2010-07-12,,Stacja B
468,,,,,368.0,,2010-07-12,,Stacja C
469,,,,,749.0,,2010-07-12,,Stacja D
470,,,,,589.0,,2010-07-12,,Stacja E
471,,,,,443.0,,2011-07-11,,Stacja A
472,,,,,362.0,,2011-07-11,,Stacja B
473,,,,,1060.0,,2011-07-11,,Stacja C
474,,,,,499.0,,2011-07-11,,Stacja D
475,,,,,388.0,,2011-07-11,,Stacja E
476,,,,,644.0,,2008-07-14,,Stacja A
477,,,,,255.0,,2008-07-14,,Stacja B
478,,,,,1024.0,,2008-07-14,,Stacja C
479,,,,,722.0,,2009-07-13,,Stacja A
480,,,,,276.0,,2009-07-13,,Stacja B
481,,,,,688.0,,2009-07-13,,Stacja C
482,,,,,579.0,,2009-07-13,,Stacja D
483,,,,,869.0,,2010-07-19,,Stacja A
484,,,,,435.0,,2010-07-19,,Stacja B
485,,,,,343.0,,2010-07-19,,Stacja C
486,,,,,325.0,,2010-07-19,,Stacja D
487,,,,,739.0,,2010-07-19,,Stacja E
488,,,,,757.0,,2011-07-18,,Stacja A
489,,,,,560.0,,2011-07-18,,Stacja B
490,,,,,920.0,,2011-07-18,,Stacja C
491,,,,,877.0,,2011-07-18,,Stacja D
492,,,,,666.0,,2011-07-18,,Stacja E
493,,,,,814.0,,2008-07-21,,Stacja A
494,,,,,157.0,,2008-07-21,,Stacja B
495,,,,,,,2008-07-21,,Stacja C
496,,,,,,,2009-07-20,,Stacja A
497,,,,,,,2009-07-20,,Stacja B
498,,,,,,,2009-07-20,,Stacja C
499,,,,,,,2009-07-20,,Stacja D
500,,,,,414.0,,2010-07-26,,Stacja A
501,,,,,284.0,,2010-07-26,,Stacja B
502,,,,,192.0,,2010-07-26,,Stacja C
503,,,,,496.0,,2010-07-26,,Stacja D
504,,,,,770.0,,2010-07-26,,Stacja E
505,,,,,910.0,,2011-07-25,,Stacja A
506,,,,,500.0,,2011-07-25,,Stacja B
507,,,,,420.0,,2011-07-25,,Stacja C
508,,,,,368.0,,2011-07-25,,Stacja D
509,,,,,754.0,,2011-07-25,,Stacja E
510,,,,,546.0,,2008-07-28,,Stacja A
511,,,,,635.0,,2008-07-28,,Stacja B
512,,,,,297.0,,2008-07-28,,Stacja C
513,,,,,686.0,,2009-07-27,,Stacja A
514,,,,,460.0,,2009-07-27,,Stacja B
515,,,,,502.0,,2009-07-27,,Stacja C
516,,,,,234.0,,2009-07-27,,Stacja D
517,,,,,552.0,,2010-08-02,,Stacja A
518,,,,,515.0,,2010-08-02,,Stacja B
519,,,,,644.0,,2010-08-02,,Stacja C
520,,,,,704.0,,2010-08-02,,Stacja D
521,,,,,609.0,,2010-08-02,,Stacja E
522,,,,,1011.0,,2011-08-01,,Stacja A
523,,,,,775.0,,2011-08-01,,Stacja B
524,,,,,427.0,,2011-08-01,,Stacja C
525,,,,,758.0,,2011-08-01,,Stacja D
526,,,,,655.0,,2011-08-01,,Stacja E
527,,,,,382.0,,2008-08-04,,Stacja A
528,,,,,399.0,,2008-08-04,,Stacja B
529,,,,,340.0,,2008-08-04,,Stacja C
530,,,,,446.0,,2009-08-03,,Stacja A
531,,,,,314.0,,2009-08-03,,Stacja B
532,,,,,325.0,,2009-08-03,,Stacja C
533,,,,,441.0,,2009-08-03,,Stacja D
534,,,,,431.0,,2010-08-09,,Stacja A
535,,,,,379.0,,2010-08-09,,Stacja B
536,,,,,344.0,,2010-08-09,,Stacja C
537,,,,,625.0,,2010-08-09,,Stacja D
538,,,,,403.0,,2010-08-09,,Stacja E
539,,,,,555.0,,2011-08-08,,Stacja A
540,,,,,586.0,,2011-08-08,,Stacja B
541,,,,,867.0,,2011-08-08,,Stacja C
542,,,,,562.0,,2011-08-08,,Stacja D
543,,,,,411.0,,2011-08-08,,Stacja E
544,,,,,706.0,,2008-08-11,,Stacja A
545,,,,,160.0,,2008-08-11,,Stacja B
546,,,,,488.0,,2008-08-11,,Stacja C
547,,,,,541.0,,2009-08-10,,Stacja A
548,,,,,660.0,,2009-08-10,,Stacja B
549,,,,,460.0,,2009-08-10,,Stacja C
550,,,,,373.0,,2009-08-10,,Stacja D
551,,,,,498.0,,2010-08-16,,Stacja A
552,,,,,390.0,,2010-08-16,,Stacja B
553,,,,,342.0,,2010-08-16,,Stacja C
554,,,,,491.0,,2010-08-16,,Stacja D
555,,,,,236.0,,2010-08-16,,Stacja E
556,,,,,278.0,,2011-08-15,,Stacja A
557,,,,,540.0,,2011-08-15,,Stacja B
558,,,,,422.0,,2011-08-15,,Stacja C
559,,,,,891.0,,2011-08-15,,Stacja D
560,,,,,525.0,,2011-08-15,,Stacja E
561,,,,,842.0,,2008-08-18,,Stacja A
562,,,,,789.0,,2008-08-18,,Stacja B
563,,,,,826.0,,2008-08-18,,Stacja C
564,,,,,185.0,,2009-08-17,,Stacja A
565,,,,,367.0,,2009-08-17,,Stacja B
566,,,,,485.0,,2009-08-17,,Stacja C
567,,,,,148.0,,2009-08-17,,Stacja D
568,,,,,606.0,,2010-08-23,,Stacja A
569,,,,,630.0,,2010-08-23,,Stacja B
570,,,,,419.0,,2010-08-23,,Stacja C
571,,,,,455.0,,2010-08-23,,Stacja D
572,,,,,592.0,,2010-08-23,,Stacja E
573,,,,,618.0,,2011-08-22,,Stacja A
574,,,,,628.0,,2011-08-22,,Stacja B
575,,,,,342.0,,2011-08-22,,Stacja C
576,,,,,361.0,,2011-08-22,,Stacja D
577,,,,,366.0,,2011-08-22,,Stacja E
578,,,,,599.0,,2008-08-25,,Stacja A
579,,,,,532.0,,2008-08-25,,Stacja B
580,,,,,471.0,,2008-08-25,,Stacja C
581,,,,,341.0,,2009-08-24,,Stacja A
582,,,,,636.0,,2009-08-24,,Stacja B
583,,,,,397.0,,2009-08-24,,Stacja C
584,,,,,682.0,,2009-08-24,,Stacja D
585,,,,,482.0,,2010-08-30,,Stacja A
586,,,,,149.0,,2010-08-30,,Stacja B
587,,,,,205.0,,2010-08-30,,Stacja C
588,,,,,526.0,,2010-08-30,,Stacja D
589,,,,,834.0,,2010-08-30,,Stacja E
590,,,,,411.0,,2011-08-29,,Stacja A
591,,,,,483.0,,2011-08-29,,Stacja B
592,,,,,714.0,,2011-08-29,,Stacja C
593,,,,,451.0,,2011-08-29,,Stacja D
594,,,,,400.0,,2011-08-29,,Stacja E
595,,,,,435.0,,2008-09-01,,Stacja A
596,,,,,586.0,,2008-09-01,,Stacja B
597,,,,,411.0,,2008-09-01,,Stacja C
598,,,,,519.0,,2009-08-31,,Stacja A
599,,,,,296.0,,2009-08-31,,Stacja B
600,,,,,311.0,,2009-08-31,,Stacja C
601,,,,,423.0,,2009-08-31,,Stacja D
602,,,,,450.0,,2010-09-06,,Stacja A
603,,,,,,,2010-09-06,,Stacja B
604,,,,,647.0,,2010-09-06,,Stacja C
605,,,,,731.0,,2010-09-06,,Stacja D
606,,,,,,,2010-09-06,,Stacja E
607,,,,,469.0,,2011-09-05,,Stacja A
608,,,,,527.0,,2011-09-05,,Stacja B
609,,,,,231.0,,2011-09-05,,Stacja C
610,,,,,543.0,,2011-09-05,,Stacja D
611,,,,,611.0,,2011-09-05,,Stacja E
612,,,,,585.0,,2008-09-08,,Stacja A
613,,,,,437.0,,2008-09-08,,Stacja B
614,,,,,315.0,,2008-09-08,,Stacja C
615,,,,,586.0,,2009-09-07,,Stacja A
616,,,,,246.0,,2009-09-07,,Stacja B
617,,,,,755.0,,2009-09-07,,Stacja C
618,,,,,711.0,,2009-09-07,,Stacja D
619,,,,,407.0,,2010-09-13,,Stacja A
620,,,,,,,2010-09-13,,Stacja B
621,,,,,314.0,,2010-09-13,,Stacja C
622,,,,,573.0,,2010-09-13,,Stacja D
623,,,,,,,2010-09-13,,Stacja E
624,,,,,500.0,,2011-09-12,,Stacja A
625,,,,,696.0,,2011-09-12,,Stacja B
626,,,,,526.0,,2011-09-12,,Stacja C
627,,,,,549.0,,2011-09-12,,Stacja D
628,,,,,633.0,,2011-09-12,,Stacja E
629,,,,,199.0,,2008-09-15,,Stacja A
630,,,,,529.0,,2008-09-15,,Stacja B
631,,,,,381.0,,2008-09-15,,Stacja C
632,,,,,808.0,,2009-09-14,,Stacja A
633,,,,,497.0,,2009-09-14,,Stacja B
634,,,,,225.0,,2009-09-14,,Stacja C
635,,,,,441.0,,2009-09-14,,Stacja D
636,,,,,217.0,,2010-09-20,,Stacja A
637,,,,,,,2010-09-20,,Stacja B
638,,,,,722.0,,2010-09-20,,Stacja C
639,,,,,639.0,,2010-09-20,,Stacja D
640,,,,,,,2010-09-20,,Stacja E
641,,,,,232.0,,2011-09-19,,Stacja A
642,,,,,381.0,,2011-09-19,,Stacja B
643,,,,,513.0,,2011-09-19,,Stacja C
644,,,,,552.0,,2011-09-19,,Stacja D
645,,,,,258.0,,2011-09-19,,Stacja E
646,,,,,157.0,,2008-09-22,,Stacja A
647,,,,,632.0,,2008-09-22,,Stacja B
648,,,,,225.0,,2008-09-22,,Stacja C
649,,,,,319.0,,2009-09-21,,Stacja A
650,,,,,196.0,,2009-09-21,,Stacja B
651,,,,,321.0,,2009-09-21,,Stacja C
652,,,,,153.0,,2009-09-21,,Stacja D
653,,,,,498.0,,2010-09-27,,Stacja A
654,,,,,,,2010-09-27,,Stacja B
655,,,,,376.0,,2010-09-27,,Stacja C
656,,,,,487.0,,2010-09-27,,Stacja D
657,,,,,,,2010-09-27,,Stacja E
658,,,,,588.0,,2011-09-26,,Stacja A
659,,,,,466.0,,2011-09-26,,Stacja B
660,,,,,424.0,,2011-09-26,,Stacja C
661,,,,,473.0,,2011-09-26,,Stacja D
662,,,,,305.0,,2011-09-26,,Stacja E
663,,,,,432.0,,2008-09-29,,Stacja A
664,,,,,614.0,,2008-09-29,,Stacja B
665,,,,,,,2008-09-29,,Stacja C
666,,,,,,,2009-09-28,,Stacja A
667,,,,,,,2009-09-28,,Stacja B
668,,,,,,,2009-09-28,,Stacja C
669,,,,,520.0,,2009-09-28,,Stacja D
670,,,,,623.0,,2010-10-04,,Stacja A
671,,,,,,,2010-10-04,,Stacja B
672,,,,,376.0,,2010-10-04,,Stacja C
673,,,,,369.0,,2010-10-04,,Stacja D
674,,,,,193.0,,2010-10-04,,Stacja E
675,,,,,267.0,,2011-10-03,,Stacja A
676,,,,,371.0,,2011-10-03,,Stacja B
677,,,,,528.0,,2011-10-03,,Stacja C
678,,,,,673.0,,2011-10-03,,Stacja D
679,,,,,427.0,,2011-10-03,,Stacja E
680,,,,,644.0,,2008-10-06,,Stacja A
681,,,,,595.0,,2008-10-06,,Stacja B
682,,,,,317.0,,2008-10-06,,Stacja C
683,,,,,545.0,,2009-10-05,,Stacja A
684,,,,,385.0,,2009-10-05,,Stacja B
685,,,,,263.0,,2009-10-05,,Stacja C
686,,,,,563.0,,2009-10-05,,Stacja D
687,,,,,376.0,,2010-10-11,,Stacja A
688,,,,,530.0,,2010-10-11,,Stacja B
689,,,,,383.0,,2010-10-11,,Stacja C
690,,,,,619.0,,2010-10-11,,Stacja D
691,,,,,,,2010-10-11,,Stacja E
692,,,,,463.0,,2011-10-10,,Stacja A
693,,,,,585.0,,2011-10-10,,Stacja B
694,,,,,497.0,,2011-10-10,,Stacja C
695,,,,,421.0,,2011-10-10,,Stacja D
696,,,,,375.0,,2011-10-10,,Stacja E
697,,,,,390.0,,2008-10-13,,Stacja A
698,,,,,445.0,,2008-10-13,,Stacja B
699,,,,,210.0,,2008-10-13,,Stacja C
700,,,,,443.0,,2009-10-12,,Stacja A
701,,,,,578.0,,2009-10-12,,Stacja B
702,,,,,362.0,,2009-10-12,,Stacja C
703,,,,,600.0,,2009-10-12,,Stacja D
704,,,,,613.0,,2010-10-18,,Stacja A
705,,,,,369.0,,2010-10-18,,Stacja B
706,,,,,278.0,,2010-10-18,,Stacja C
707,,,,,379.0,,2010-10-18,,Stacja D
708,,,,,492.0,,2010-10-18,,Stacja E
709,,,,,479.0,,2011-10-17,,Stacja A
710,,,,,221.0,,2011-10-17,,Stacja B
711,,,,,261.0,,2011-10-17,,Stacja C
712,,,,,494.0,,2011-10-17,,Stacja D
713,,,,,599.0,,2011-10-17,,Stacja E
714,,,,,527.0,,2008-10-20,,Stacja A
715,,,,,218.0,,2008-10-20,,Stacja B
716,,,,,411.0,,2008-10-20,,Stacja C
717,,,,,446.0,,2009-10-19,,Stacja A
718,,,,,463.0,,2009-10-19,,Stacja B
719,,,,,479.0,,2009-10-19,,Stacja C
720,,,,,397.0,,2009-10-19,,Stacja D
721,,,,,627.0,,2010-10-25,,Stacja A
722,,,,,325.0,,2010-10-25,,Stacja B
723,,,,,308.0,,2010-10-25,,Stacja C
724,,,,,454.0,,2010-10-25,,Stacja D
725,,,,,468.0,,2010-10-25,,Stacja E
726,,,,,271.0,,2011-10-24,,Stacja A
727,,,,,202.0,,2011-10-24,,Stacja B
728,,,,,192.0,,2011-10-24,,Stacja C
729,,,,,569.0,,2011-10-24,,Stacja D
730,,,,,428.0,,2011-10-24,,Stacja E
731,,,,,374.0,,2008-10-27,,Stacja A
732,,,,,,,2008-10-27,,Stacja B
733,,,,,491.0,,2008-10-27,,Stacja C
734,,,,,437.0,,2009-10-26,,Stacja A
735,,,,,373.0,,2009-10-26,,Stacja B
736,,,,,357.0,,2009-10-26,,Stacja C
737,,,,,245.0,,2009-10-26,,Stacja D
738,,,,,533.0,,2010-11-01,,Stacja A
739,,,,,277.0,,2010-11-01,,Stacja B
740,,,,,433.0,,2010-11-01,,Stacja C
741,,,,,377.0,,2010-11-01,,Stacja D
742,,,,,413.0,,2010-11-01,,Stacja E
743,,,,,465.0,,2011-10-31,,Stacja A
744,,,,,454.0,,2011-10-31,,Stacja B
745,,,,,215.0,,2011-10-31,,Stacja C
746,,,,,334.0,,2011-10-31,,Stacja D
747,,,,,234.0,,2011-10-31,,Stacja E
748,,,,,224.0,,2008-11-03,,Stacja A
749,,,,,,,2008-11-03,,Stacja B
750,,,,,378.0,,2008-11-03,,Stacja C
751,,,,,170.0,,2009-11-02,,Stacja A
752,,,,,406.0,,2009-11-02,,Stacja B
753,,,,,350.0,,2009-11-02,,Stacja C
754,,,,,240.0,,2009-11-02,,Stacja D
755,,,,,340.0,,2010-11-08,,Stacja A
756,,,,,349.0,,2010-11-08,,Stacja B
757,,,,,436.0,,2010-11-08,,Stacja C
758,,,,,276.0,,2010-11-08,,Stacja D
759,,,,,540.0,,2010-11-08,,Stacja E
760,,,,,265.0,,2011-11-07,,Stacja A
761,,,,,373.0,,2011-11-07,,Stacja B
762,,,,,432.0,,2011-11-07,,Stacja C
763,,,,,503.0,,2011-11-07,,Stacja D
764,,,,,341.0,,2011-11-07,,Stacja E
765,,,,,485.0,,2008-11-10,,Stacja A
766,,,,,,,2008-11-10,,Stacja B
767,,,,,456.0,,2008-11-10,,Stacja C
768,,,,,324.0,,2009-11-09,,Stacja A
769,,,,,159.0,,2009-11-09,,Stacja B
770,,,,,264.0,,2009-11-09,,Stacja C
771,,,,,391.0,,2009-11-09,,Stacja D
772,,,,,292.0,,2010-11-15,,Stacja A
773,,,,,333.0,,2010-11-15,,Stacja B
774,,,,,438.0,,2010-11-15,,Stacja C
775,,,,,273.0,,2010-11-15,,Stacja D
776,,,,,323.0,,2010-11-15,,Stacja E
777,,,,,236.0,,2011-11-14,,Stacja A
778,,,,,130.0,,2011-11-14,,Stacja B
779,,,,,285.0,,2011-11-14,,Stacja C
780,,,,,336.0,,2011-11-14,,Stacja D
781,,,,,380.0,,2011-11-14,,Stacja E
782,,,,,367.0,,2008-11-17,,Stacja A
783,,,,,286.0,,2008-11-17,,Stacja B
784,,,,,239.0,,2008-11-17,,Stacja C
785,,,,,494.0,,2009-11-16,,Stacja A
786,,,,,342.0,,2009-11-16,,Stacja B
787,,,,,173.0,,2009-11-16,,Stacja C
788,,,,,160.0,,2009-11-16,,Stacja D
789,,,,,433.0,,2010-11-22,,Stacja A
790,,,,,346.0,,2010-11-22,,Stacja B
791,,,,,167.0,,2010-11-22,,Stacja C
792,,,,,348.0,,2010-11-22,,Stacja D
793,,,,,171.0,,2010-11-22,,Stacja E
794,,,,,304.0,,2011-11-21,,Stacja A
795,,,,,258.0,,2011-11-21,,Stacja B
796,,,,,339.0,,2011-11-21,,Stacja C
797,,,,,413.0,,2011-11-21,,Stacja D
798,,,,,409.0,,2011-11-21,,Stacja E
799,,,,,487.0,,2008-11-24,,Stacja A
800,,,,,,,2008-11-24,,Stacja B
801,,,,,,,2008-11-24,,Stacja C
802,,,,,,,2009-11-23,,Stacja A
803,,,,,,,2009-11-23,,Stacja B
804,,,,,,,2009-11-23,,Stacja C
805,,,,,,,2009-11-23,,Stacja D
806,,,,,,,2010-11-29,,Stacja A
807,,,,,,,2010-11-29,,Stacja B
808,,,,,,,2010-11-29,,Stacja C
809,,,,,,,2010-11-29,,Stacja D
810,,,,,,,2010-11-29,,Stacja E
811,,,,,,,2011-11-28,,Stacja A
812,,,,,316.0,,2011-11-28,,Stacja B
813,,,,,420.0,,2011-11-28,,Stacja C
814,,,,,166.0,,2011-11-28,,Stacja D
815,,,,,424.0,,2011-11-28,,Stacja E
816,,,,,193.0,,2008-12-01,,Stacja A
817,,,,,,,2008-12-01,,Stacja B
818,,,,,,,2008-12-01,,Stacja C
819,,,,,,,2009-11-30,,Stacja A
820,,,,,,,2009-11-30,,Stacja B
821,,,,,,,2009-11-30,,Stacja C
822,,,,,,,2009-11-30,,Stacja D
823,,,,,,,2010-12-06,,Stacja A
824,,,,,,,2010-12-06,,Stacja B
825,,,,,,,2010-12-06,,Stacja C
826,,,,,,,2010-12-06,,Stacja D
827,,,,,,,2010-12-06,,Stacja E
828,,,,,,,2011-12-05,,Stacja A
829,,,,,417.0,,2011-12-05,,Stacja B
830,,,,,161.0,,2011-12-05,,Stacja C
831,,,,,362.0,,2011-12-05,,Stacja D
832,,,,,326.0,,2011-12-05,,Stacja E
833,,,,,445.0,,2008-12-08,,Stacja A
834,,,,,182.0,,2008-12-08,,Stacja B
835,,,,,317.0,,2008-12-08,,Stacja C
836,,,,,237.0,,2009-12-07,,Stacja A
837,,,,,289.0,,2009-12-07,,Stacja B
838,,,,,303.0,,2009-12-07,,Stacja C
839,,,,,422.0,,2009-12-07,,Stacja D
840,,,,,200.0,,2010-12-13,,Stacja A
841,,,,,303.0,,2010-12-13,,Stacja B
842,,,,,352.0,,2010-12-13,,Stacja C
843,,,,,213.0,,2010-12-13,,Stacja D
844,,,,,138.0,,2010-12-13,,Stacja E
845,,,,,382.0,,2011-12-12,,Stacja A
846,,,,,297.0,,2011-12-12,,Stacja B
847,,,,,155.0,,2011-12-12,,Stacja C
848,,,,,386.0,,2011-12-12,,Stacja D
849,,,,,313.0,,2011-12-12,,Stacja E
850,,,,,133.0,,2008-12-15,,Stacja A
851,,,,,307.0,,2008-12-15,,Stacja B
852,,,,,299.0,,2008-12-15,,Stacja C
853,,,,,223.0,,2009-12-14,,Stacja A
854,,,,,350.0,,2009-12-14,,Stacja B
855,,,,,229.0,,2009-12-14,,Stacja C
856,,,,,185.0,,2009-12-14,,Stacja D
857,,,,,403.0,,2010-12-20,,Stacja A
858,,,,,271.0,,2010-12-20,,Stacja B
859,,,,,206.0,,2010-12-20,,Stacja C
860,,,,,219.0,,2010-12-20,,Stacja D
861,,,,,278.0,,2010-12-20,,Stacja E
862,,,,,222.0,,2011-12-19,,Stacja A
863,,,,,144.0,,2011-12-19,,Stacja B
864,,,,,413.0,,2011-12-19,,Stacja C
865,,,,,270.0,,2011-12-19,,Stacja D
866,,,,,245.0,,2011-12-19,,Stacja E
867,,,,,235.0,,2008-12-22,,Stacja A
868,,,,,132.0,,2008-12-22,,Stacja B
869,,,,,109.0,,2008-12-22,,Stacja C
870,,,,,301.0,,2009-12-21,,Stacja A
871,,,,,293.0,,2009-12-21,,Stacja B
872,,,,,170.0,,2009-12-21,,Stacja C
873,,,,,356.0,,2009-12-21,,Stacja D
874,,,,,150.0,,2010-12-27,,Stacja A
875,,,,,340.0,,2010-12-27,,Stacja B
876,,,,,118.0,,2010-12-27,,Stacja C
877,,,,,228.0,,2010-12-27,,Stacja D
878,,,,,359.0,,2010-12-27,,Stacja E
879,,,,,351.0,,2011-12-26,,Stacja A
880,,,,,147.0,,2011-12-26,,Stacja B
881,,,,,280.0,,2011-12-26,,Stacja C
882,,,,,122.0,,2011-12-26,,Stacja D
883,,,,,326.0,,2011-12-26,,Stacja E
